State,County,Grade
Maryland,Howard County,A+
North Carolina,Orange County,A+
New Mexico,Los Alamos County,A+
Georgia,Oconee County,A+
Texas,Collin County,A+
Indiana,Hamilton County,A+
Tennessee,Williamson County,A+
Georgia,Forsyth County,A+
Wisconsin,Ozaukee County,A+
Pennsylvania,Montgomery County,A+
Pennsylvania,Chester County,A+
New York,Westchester County,A+
Illinois,DuPage County,A+
Kansas,Johnson County,A+
Maryland,Montgomery County,A+
Ohio,Delaware County,A+
Virginia,Loudoun County,A+
Michigan,Washtenaw County,A+
Texas,Kendall County,A+
New York,Nassau County,A
Virginia,Fairfax County,A+
Georgia,Fayette County,A+
New Jersey,Hunterdon County,A+
Missouri,Platte County,A+
Minnesota,Carver County,A+
New Jersey,Morris County,A+
Pennsylvania,Bucks County,A
North Carolina,Watauga County,A
Virginia,York County,A+
Georgia,Camden County,A
Wisconsin,Waukesha County,A+
Colorado,Boulder County,A+
Louisiana,St. Charles Parish,A
New Jersey,Somerset County,A+
Arkansas,Benton County,A+
Maryland,Frederick County,A+
Massachusetts,Norfolk County,A+
New York,Putnam County,A-
Indiana,Hendricks County,A
North Carolina,Wake County,A+
Texas,Williamson County,A+
Kansas,Riley County,A+
Texas,Rockwall County,A+
Utah,Summit County,A+
Vermont,Chittenden County,A+
Georgia,Cherokee County,A+
Virginia,Albemarle County,A+
Indiana,Boone County,A+
Iowa,Story County,A+
North Carolina,Polk County,A
Florida,St. Johns County,A+
Texas,Somervell County,B+
Georgia,Gwinnett County,A+
New Jersey,Bergen County,A
New York,Rockland County,A
Louisiana,Plaquemines Parish,B+
Alabama,Madison County,A+
California,Marin County,A+
Ohio,Warren County,A+
Pennsylvania,Centre County,A+
Rhode Island,Bristol County,A
Maryland,Worcester County,A
Massachusetts,Middlesex County,A+
Maryland,Carroll County,A-
Virginia,Roanoke County,A
Missouri,St. Charles County,A+
Kentucky,Calloway County,A-
North Carolina,Union County,A+
Georgia,Rabun County,B+
Wyoming,Sheridan County,A-
Alabama,Shelby County,A+
Maryland,Harford County,A
Minnesota,Dakota County,A+
Minnesota,Washington County,A+
Texas,Fort Bend County,A+
Iowa,Dallas County,A+
Michigan,Ottawa County,A+
Texas,Denton County,A+
Virginia,Goochland County,A
Louisiana,Ascension Parish,A
Kentucky,Oldham County,A
West Virginia,Ohio County,A
Georgia,Cobb County,A+
New York,Suffolk County,A-
Virginia,Hanover County,A
Wisconsin,Dane County,A+
North Carolina,Carteret County,A-
Oklahoma,Payne County,A
Georgia,Columbia County,A+
Colorado,San Miguel County,A
Iowa,Winneshiek County,A
Georgia,Morgan County,B+
Florida,Sarasota County,A
South Carolina,York County,A
Wisconsin,St. Croix County,A
Mississippi,Lafayette County,A+
Idaho,Blaine County,A
Kansas,Douglas County,A+
Wyoming,Park County,A-
Alabama,Coffee County,A
Ohio,Geauga County,A
Kansas,Pottawatomie County,A
Florida,Seminole County,A+
Minnesota,Hennepin County,A+
Missouri,Clay County,A
Wisconsin,Door County,A
Georgia,Pierce County,B
Wisconsin,Washington County,A-
Massachusetts,Dukes County,A-
Arkansas,Faulkner County,A
Colorado,Larimer County,A
Nebraska,Lancaster County,A+
Wyoming,Teton County,A+
Missouri,St. Louis County,A+
West Virginia,Monongalia County,A+
Connecticut,Fairfield County,A
Louisiana,West Feliciana Parish,B+
Ohio,Union County,A-
Illinois,Lake County,A+
New York,Tompkins County,A+
New Jersey,Middlesex County,A
Florida,Okaloosa County,A
Minnesota,Scott County,A+
North Dakota,Grand Forks County,A
Colorado,Gilpin County,B
Colorado,Routt County,A
Georgia,Schley County,B+
Maryland,Calvert County,B+
North Carolina,Dare County,B+
Pennsylvania,Pike County,B
California,Placer County,A-
Arkansas,Washington County,A
Georgia,Houston County,A
Iowa,Johnson County,A+
Pennsylvania,Allegheny County,A
Wisconsin,La Crosse County,A
Washington,King County,A
Kentucky,McCracken County,A-
Louisiana,St. Bernard Parish,B+
Colorado,Douglas County,A+
Michigan,Leelanau County,A+
North Carolina,New Hanover County,A
Rhode Island,Washington County,A
Oregon,Benton County,A+
Oklahoma,Washington County,A
Georgia,Union County,B
Texas,Montgomery County,A
Louisiana,St. Tammany Parish,A
Virginia,Botetourt County,B+
Texas,Comal County,A
Colorado,Pitkin County,A
New Jersey,Monmouth County,A
Michigan,Dickinson County,A
Alabama,Lee County,A
Wisconsin,Calumet County,A
Georgia,Ware County,B+
California,Santa Clara County,A+
Virginia,Stafford County,A
Illinois,Kendall County,A
Illinois,McHenry County,A-
Texas,Randall County,A
Minnesota,Olmsted County,A+
Georgia,Bleckley County,B
Wyoming,Lincoln County,B+
Virginia,New Kent County,B
Tennessee,Montgomery County,A-
Pennsylvania,Cumberland County,A
Pennsylvania,Delaware County,A-
Mississippi,Lamar County,A
New York,Ontario County,A-
Michigan,Oakland County,A+
Georgia,Madison County,B
Nebraska,Nemaha County,A
Florida,Brevard County,A
Colorado,Jefferson County,A
South Carolina,Greenville County,A+
Kentucky,Boone County,A
Idaho,Valley County,B+
California,San Mateo County,A+
Missouri,Christian County,A-
Indiana,Monroe County,A+
Minnesota,Wright County,A
North Carolina,Henderson County,A-
Tennessee,Chester County,B
Oklahoma,Jackson County,A-
Kansas,Mitchell County,A
Wisconsin,Eau Claire County,A
New Mexico,Sandoval County,A-
Colorado,Summit County,A
Kentucky,Woodford County,B+
New York,Saratoga County,A
California,El Dorado County,B+
Tennessee,Washington County,A
Pennsylvania,Montour County,A
Virginia,Middlesex County,B+
Illinois,McLean County,A+
Maryland,Anne Arundel County,A
West Virginia,Tyler County,B-
Virginia,Chesterfield County,A+
North Carolina,Buncombe County,A
Michigan,Ingham County,A
Florida,Clay County,A-
Pennsylvania,Union County,A-
Oklahoma,Cleveland County,A
Indiana,Warrick County,A
Texas,Travis County,A+
Texas,Franklin County,B
Arkansas,Saline County,B+
Tennessee,Rutherford County,A
New Jersey,Mercer County,A
Texas,Childress County,B
Minnesota,Blue Earth County,A
Georgia,Monroe County,B+
Colorado,Arapahoe County,A
New York,Orange County,B+
Georgia,Coweta County,A-
Pennsylvania,Lancaster County,A-
Kentucky,Campbell County,A-
California,Mono County,B
Nebraska,Sarpy County,A+
Kentucky,Graves County,B
Florida,Martin County,A
Texas,Kerr County,A-
Texas,Parker County,B+
Texas,Carson County,A-
Texas,Ellis County,A-
California,Orange County,A
Texas,Freestone County,B+
Washington,Whitman County,A+
Michigan,Livingston County,A
Illinois,Will County,A-
Virginia,Montgomery County,A+
Texas,Archer County,B+
Mississippi,Harrison County,A-
New York,Monroe County,A
Tennessee,Anderson County,B+
New Hampshire,Rockingham County,B+
Indiana,Spencer County,B+
Kentucky,Pulaski County,B-
South Carolina,Charleston County,A+
South Carolina,Spartanburg County,A-
Wisconsin,Portage County,A
California,San Diego County,A
Texas,Waller County,B+
Minnesota,Douglas County,A-
Virginia,Rockingham County,A-
Tennessee,Wilson County,A-
Iowa,Humboldt County,B+
Texas,Hansford County,A-
Connecticut,Middlesex County,A
Virginia,Washington County,A-
Mississippi,Jackson County,A-
Texas,Blanco County,B+
Kentucky,Warren County,A
Kentucky,Meade County,B
Maine,Cumberland County,A
Vermont,Addison County,B+
Wisconsin,Wood County,A-
North Carolina,Surry County,B
Wyoming,Sublette County,B
Texas,Erath County,A
Indiana,Floyd County,A-
Nevada,Douglas County,B+
Ohio,Medina County,A
Iowa,Dickinson County,A
Utah,Wasatch County,A-
Wyoming,Albany County,A+
North Carolina,Transylvania County,A
Michigan,Grand Traverse County,A-
Louisiana,Lincoln Parish,A
North Carolina,Chatham County,A
Tennessee,Henderson County,B-
Mississippi,Madison County,A+
South Carolina,Lexington County,A
New Hampshire,Grafton County,A-
Georgia,Effingham County,B-
South Carolina,Dorchester County,A-
Pennsylvania,Westmoreland County,B+
Wisconsin,Outagamie County,A
Illinois,Clinton County,A-
Georgia,Marion County,B
Maryland,Queen Anne's County,A-
Virginia,Powhatan County,A-
Indiana,Tippecanoe County,A
Arkansas,Craighead County,A-
New York,Albany County,A
Kentucky,Marshall County,B
Tennessee,Lawrence County,C+
Virginia,Rockbridge County,A-
North Carolina,Cabarrus County,A
South Dakota,Brookings County,A+
Minnesota,Nicollet County,A
Virginia,Wise County,B-
Nebraska,York County,A
Alabama,Lauderdale County,A-
North Dakota,Cass County,A
Rhode Island,Newport County,A
Tennessee,Sumner County,B+
Florida,Leon County,A+
Wisconsin,Pierce County,A-
Massachusetts,Hampshire County,A
Wisconsin,Marathon County,A-
Illinois,Monroe County,B+
North Carolina,Moore County,A
Texas,Lavaca County,A-
Florida,Alachua County,A+
Tennessee,Henry County,B
Pennsylvania,Butler County,A-
Arkansas,Sebastian County,A-
Texas,Lubbock County,A
Kansas,Ellis County,A
California,San Luis Obispo County,A-
Florida,Collier County,A
Utah,Cache County,A+
Minnesota,Wabasha County,A-
Michigan,Benzie County,A-
New Jersey,Sussex County,B+
California,Alameda County,A
Georgia,Dawson County,B
South Carolina,Horry County,B+
Pennsylvania,Lycoming County,B
Indiana,Johnson County,A-
Virginia,Fauquier County,B+
Nebraska,Washington County,B+
Missouri,Boone County,A+
Indiana,Porter County,A-
Pennsylvania,York County,B
Ohio,Putnam County,A-
Georgia,Lee County,A-
Pennsylvania,Wayne County,B-
Massachusetts,Barnstable County,B+
Arkansas,Garland County,B
Michigan,Houghton County,A
Missouri,Ste. Genevieve County,B-
Arkansas,Lonoke County,B
Missouri,Phelps County,A-
Ohio,Mercer County,B
Texas,Rains County,B-
Texas,Brazoria County,A
North Carolina,Alleghany County,B
Vermont,Washington County,A-
South Carolina,Abbeville County,B
Connecticut,Tolland County,A-
Maryland,St. Mary's County,A-
Ohio,Wood County,A
Texas,Yoakum County,A-
Texas,Gillespie County,A
North Carolina,Avery County,B+
Georgia,Lumpkin County,B
Kentucky,Hopkins County,B+
Michigan,Kalamazoo County,A
Tennessee,Dyer County,B
Texas,Grayson County,B+
Indiana,Bartholomew County,A
Florida,Monroe County,A-
Iowa,Linn County,A
Illinois,Grundy County,B
Kentucky,Daviess County,A-
South Dakota,Minnehaha County,A
Kentucky,Boyle County,B
North Carolina,Burke County,B+
West Virginia,Putnam County,A
North Carolina,Iredell County,A-
Iowa,Warren County,B+
Illinois,Champaign County,A+
Nebraska,Pierce County,A
Missouri,Taney County,B
Virginia,Prince William County,A+
South Carolina,Anderson County,B+
Alaska,Aleutians West Borough,C
Georgia,Gordon County,B
Oklahoma,Pontotoc County,A
Texas,Hamilton County,B-
Indiana,Dubois County,A
Kansas,Wabaunsee County,A-
New York,Dutchess County,B+
Tennessee,Hamblen County,B-
New Jersey,Burlington County,A-
Virginia,Isle of Wight County,B+
Illinois,Kane County,A-
Tennessee,Knox County,A
New York,Livingston County,B
Nebraska,Douglas County,A+
Ohio,Greene County,A
Texas,Galveston County,A
Connecticut,Hartford County,A-
Mississippi,Tishomingo County,C+
Wisconsin,Brown County,A-
Mississippi,Webster County,B
Oregon,Washington County,A
Missouri,Jefferson County,B
Georgia,Harris County,B+
Michigan,Kent County,A
Mississippi,DeSoto County,B+
Texas,Lamar County,B+
Florida,Calhoun County,B-
North Carolina,Cleveland County,B-
Kentucky,Johnson County,C+
Kansas,Brown County,A-
North Carolina,Davie County,B+
Kentucky,Henderson County,B+
Colorado,Gunnison County,A
Florida,Wakulla County,B
Wisconsin,Sheboygan County,A-
Arkansas,Pope County,B+
North Carolina,Ashe County,B-
Texas,Haskell County,A-
Pennsylvania,Monroe County,B-
Oklahoma,Rogers County,A-
Texas,Panola County,B
Oklahoma,Canadian County,A-
Georgia,Catoosa County,B
Florida,Nassau County,B+
Arkansas,Fulton County,C+
South Carolina,Pickens County,A-
Arkansas,Boone County,B-
Mississippi,Lee County,A
Iowa,Polk County,A
North Dakota,Ramsey County,A
Delaware,Kent County,B+
Georgia,Lincoln County,C+
California,Napa County,B+
Nevada,Washoe County,A-
Wisconsin,Kewaunee County,B
Kansas,Anderson County,C+
Wisconsin,Manitowoc County,B+
New York,Warren County,B+
Oklahoma,Logan County,A-
North Dakota,Barnes County,A-
Missouri,Adair County,A-
Ohio,Franklin County,A
Indiana,Adams County,B
Maine,Hancock County,B+
Maryland,Talbot County,B+
Michigan,Charlevoix County,A-
Texas,Robertson County,B+
Connecticut,New London County,A-
Mississippi,Prentiss County,C+
Washington,San Juan County,A+
Illinois,Piatt County,A-
New Jersey,Union County,B
South Carolina,Richland County,A
Tennessee,Lincoln County,B-
Virginia,Richmond County,B
Texas,Taylor County,A
South Carolina,Oconee County,B+
Alabama,Limestone County,A-
Iowa,Bremer County,A-
Wisconsin,Winnebago County,A-
Tennessee,Crockett County,B-
Oregon,Clackamas County,B+
Pennsylvania,Northampton County,B
Texas,Wise County,B-
Nebraska,Seward County,A
Texas,Bandera County,B
Louisiana,Bossier Parish,A-
Minnesota,Carlton County,B+
Wisconsin,Vilas County,B+
Wisconsin,Green County,B
Virginia,King George County,B+
Texas,San Saba County,B+
Ohio,Wayne County,B+
Kentucky,Larue County,C+
Wisconsin,Iron County,B+
California,Nevada County,B-
Mississippi,Itawamba County,B-
Virginia,Henrico County,A+
New York,Erie County,A-
Idaho,Ada County,A
Wisconsin,Sauk County,B
Georgia,Glynn County,A-
Montana,Missoula County,A-
Michigan,Crawford County,B
Georgia,Fulton County,A+
Missouri,Atchison County,A-
Tennessee,Stewart County,C
Kentucky,Edmonson County,B-
Alaska,Kenai Peninsula Borough,B
Texas,Fayette County,B+
Ohio,Auglaize County,B+
Wisconsin,Iowa County,B+
Washington,Snohomish County,B
Tennessee,Sullivan County,B
Georgia,Berrien County,C+
Texas,Potter County,B+
Georgia,Habersham County,B
Virginia,King William County,C+
Illinois,Ford County,B
Florida,Citrus County,B+
California,Contra Costa County,A-
North Carolina,Lincoln County,B
Georgia,Walton County,B-
South Dakota,Union County,A-
Wisconsin,Jefferson County,B+
North Carolina,Camden County,C+
Georgia,Jackson County,B
Minnesota,Ramsey County,A+
Illinois,Woodford County,A-
Missouri,Cape Girardeau County,A-
North Carolina,Guilford County,A
Ohio,Fulton County,B
Kansas,Geary County,B
Missouri,Pulaski County,B+
Ohio,Hamilton County,A
Nebraska,Cherry County,A-
Illinois,Stark County,B
Georgia,Carroll County,B
Virginia,Franklin County,B
Utah,Davis County,A
Florida,Lafayette County,B
Texas,Brown County,B+
North Carolina,Catawba County,A-
Idaho,Latah County,A
Minnesota,Crow Wing County,B+
Louisiana,Livingston Parish,B-
Ohio,Fairfield County,B+
Tennessee,Gibson County,B-
West Virginia,Jefferson County,A-
Louisiana,De Soto Parish,B
Florida,Santa Rosa County,B+
Ohio,Hancock County,A-
Colorado,El Paso County,A-
Wisconsin,Polk County,B
Massachusetts,Plymouth County,B+
Nebraska,Cedar County,A-
Louisiana,Lafourche Parish,B+
Idaho,Boise County,B-
Georgia,Bulloch County,A-
Pennsylvania,Lehigh County,B+
Texas,Chambers County,B+
Kansas,Norton County,B+
Texas,Hardin County,B
Florida,Flagler County,B+
New Jersey,Cape May County,B
Texas,Bowie County,B+
Kansas,Coffey County,B+
Iowa,Scott County,A
North Carolina,Yancey County,B-
Texas,Llano County,B+
Pennsylvania,Columbia County,B
Texas,Guadalupe County,A-
Tennessee,Blount County,B
Iowa,Butler County,B
Georgia,Floyd County,B
Alabama,Baldwin County,A-
Iowa,Mitchell County,B+
Oklahoma,Atoka County,B-
Minnesota,Goodhue County,B+
Ohio,Portage County,B+
Utah,Utah County,A
Ohio,Lake County,B+
Nebraska,Dawes County,A
New York,Genesee County,B-
Texas,Tarrant County,A
Ohio,Defiance County,B
Minnesota,Anoka County,A-
Virginia,Gloucester County,B
Wisconsin,Walworth County,B+
Kentucky,Barren County,B-
Illinois,Jersey County,B
Nebraska,Antelope County,B+
North Carolina,Forsyth County,A
Iowa,Shelby County,B
North Carolina,Mecklenburg County,A+
New York,Otsego County,B+
Wisconsin,Taylor County,B-
Texas,Comanche County,B
Alabama,Cleburne County,B-
Arkansas,Van Buren County,C+
Wyoming,Washakie County,B+
Indiana,Hancock County,B+
Texas,Hood County,B
Maryland,Baltimore County,A
Arkansas,Baxter County,B
Alaska,Valdez-Cordova Borough,A-
New Jersey,Gloucester County,B
New Jersey,Atlantic County,B-
Montana,Beaverhead County,A-
Kansas,Marion County,B+
Indiana,Ripley County,B
Illinois,Cook County,A-
Indiana,Jay County,B-
Illinois,Ogle County,B+
Utah,Washington County,B+
Texas,Medina County,B+
Mississippi,Choctaw County,B
Iowa,Plymouth County,B+
Iowa,Sioux County,A
Kansas,Lyon County,A
New York,Ulster County,B
Iowa,Lyon County,A-
Alaska,Fairbanks North Star Borough,B
Georgia,Stephens County,B-
Kentucky,Simpson County,B-
Texas,Kaufman County,B
Missouri,Jackson County,A-
Ohio,Stark County,B+
South Dakota,Walworth County,A
South Dakota,Codington County,B+
North Dakota,Stutsman County,A-
Mississippi,Union County,B-
South Dakota,Lincoln County,A+
Kentucky,Scott County,A-
New Jersey,Essex County,B-
Texas,Eastland County,B
Ohio,Summit County,A-
Mississippi,Rankin County,A-
Kentucky,Logan County,C+
Massachusetts,Worcester County,B+
Pennsylvania,Adams County,B
Georgia,White County,B-
Montana,Gallatin County,A
Ohio,Ottawa County,B+
Kansas,Leavenworth County,A-
Nebraska,Wayne County,A+
New Jersey,Warren County,B-
Colorado,La Plata County,A-
North Carolina,Wilkes County,B-
South Carolina,Beaufort County,A
Missouri,Hickory County,C
Iowa,Carroll County,A-
Arkansas,White County,B+
Indiana,Shelby County,B-
Wyoming,Big Horn County,B
Kansas,Jackson County,B
Maryland,Garrett County,B
Ohio,Butler County,A-
Texas,Brewster County,A+
North Carolina,Macon County,B
California,Yolo County,A-
Florida,Hillsborough County,A-
Virginia,Louisa County,B-
Vermont,Windham County,B
North Carolina,Pender County,B
Georgia,Candler County,B-
Minnesota,Winona County,A-
Utah,Iron County,B+
Iowa,Delaware County,B-
Illinois,Carroll County,B
Alaska,Kodiak Island Borough,B-
Ohio,Miami County,B+
Kansas,Shawnee County,A
Washington,Kitsap County,B+
Florida,Union County,B-
Minnesota,Pope County,B+
Kentucky,Hancock County,B
Maryland,Washington County,B-
Connecticut,Litchfield County,B+
Iowa,Taylor County,B
Texas,Wichita County,A-
Iowa,Grundy County,A-
Massachusetts,Essex County,B+
New York,Broome County,B+
Alabama,Marion County,B-
Georgia,Heard County,C+
Florida,Palm Beach County,A
Virginia,Prince George County,B
Iowa,Benton County,B
Colorado,Grand County,A-
Illinois,Tazewell County,B+
North Carolina,Johnston County,B
Wisconsin,Pepin County,B
Michigan,Midland County,A
Kansas,Gray County,B+
Texas,Wood County,B-
Indiana,Warren County,B
Oklahoma,McCurtain County,B
Maryland,Charles County,B
Kentucky,Kenton County,A-
Louisiana,St. Mary Parish,B+
Georgia,Lowndes County,B+
Texas,Lynn County,B-
New York,Columbia County,B
Alabama,Colbert County,B
Kansas,Nemaha County,A-
Kansas,Labette County,B+
Michigan,Emmet County,A
Vermont,Lamoille County,B
Kansas,Marshall County,A-
Louisiana,Vermilion Parish,B+
Colorado,Eagle County,A
Alabama,Cullman County,B-
Delaware,Sussex County,B
Iowa,Clinton County,B+
Illinois,Massac County,B-
Texas,Wilson County,B+
Oklahoma,Kingfisher County,B+
Massachusetts,Franklin County,B+
Nebraska,Dixon County,B+
Minnesota,Rice County,A-
South Dakota,Lake County,A
Alabama,Autauga County,B
Georgia,Towns County,B-
Minnesota,Dodge County,A-
Ohio,Clermont County,A-
New York,Onondaga County,A-
Texas,Harris County,A-
Tennessee,Bradley County,B-
New York,Schenectady County,B+
Pennsylvania,Washington County,B+
Alabama,Covington County,B-
Texas,Anderson County,B
Wisconsin,Sawyer County,B
Arkansas,Columbia County,B
Tennessee,Tipton County,C+
Texas,Bell County,A-
West Virginia,Marion County,B+
Georgia,Fannin County,C+
New York,Madison County,B
Nebraska,Johnson County,B
Ohio,Cuyahoga County,A-
Tennessee,Putnam County,B
Idaho,Bannock County,A-
Mississippi,Attala County,B
Texas,Jackson County,A-
Texas,Lampasas County,B
Iowa,Dubuque County,A-
Texas,Coryell County,B
Virginia,Culpeper County,B-
South Dakota,Brule County,A-
Oklahoma,Comanche County,B
Florida,Pinellas County,A-
Virginia,Fluvanna County,B
Alabama,Morgan County,B+
Washington,Thurston County,B+
North Carolina,Cherokee County,C+
Texas,Goliad County,B
Wisconsin,Washburn County,B
Minnesota,Lincoln County,B+
South Dakota,Clay County,A
Texas,Upshur County,B-
Arkansas,Carroll County,B
Michigan,Clinton County,A-
South Dakota,Davison County,A-
Texas,Leon County,B+
Alabama,Marshall County,B
Kentucky,Marion County,B-
Louisiana,Allen Parish,B+
North Carolina,Caldwell County,B-
Arkansas,Independence County,B
New York,Oneida County,B
Florida,Lee County,A-
Missouri,Clinton County,B-
Iowa,Hancock County,A-
New York,Niagara County,B
Ohio,Mahoning County,B+
Florida,Walton County,B
Virginia,Northumberland County,B
Ohio,Lorain County,B+
Arkansas,Cross County,C+
Virginia,Mathews County,B+
Arkansas,Sevier County,B-
Oklahoma,Cotton County,B
Michigan,Alger County,B+
Texas,Austin County,B
Georgia,Bryan County,B+
West Virginia,Pendleton County,B
Florida,Charlotte County,B+
Florida,Indian River County,A-
Oklahoma,Tulsa County,A
Texas,Camp County,C+
Illinois,Jo Daviess County,B
North Carolina,Sampson County,B-
North Carolina,Clay County,C+
Maryland,Wicomico County,B+
Indiana,Union County,B-
South Dakota,Grant County,B+
New York,Rensselaer County,B
Iowa,Ida County,A-
Nebraska,Hamilton County,A-
California,Sacramento County,A-
Oklahoma,Noble County,B+
Minnesota,Stevens County,A
Texas,Brazos County,A
Texas,Hopkins County,B+
Wisconsin,Barron County,B
Arkansas,Searcy County,B-
Oklahoma,Bryan County,B+
Wisconsin,Vernon County,B
Missouri,Nodaway County,B+
Wisconsin,Chippewa County,B
Minnesota,Rock County,B+
Texas,Titus County,B+
Wisconsin,Lafayette County,B
Illinois,Effingham County,B+
California,Trinity County,C+
Montana,Park County,B+
Texas,Clay County,C+
Texas,Gregg County,B+
Virginia,Spotsylvania County,A-
Illinois,Iroquois County,B
Virginia,Southampton County,B-
Kentucky,Laurel County,C+
Pennsylvania,Elk County,B
Missouri,Johnson County,B+
Mississippi,Grenada County,B
South Dakota,Day County,A-
Wisconsin,Buffalo County,B
Arkansas,Clark County,B+
Illinois,DeKalb County,B+
Texas,Bosque County,B
Arkansas,Woodruff County,B
Virginia,Pittsylvania County,B
Wisconsin,Fond du Lac County,B+
Texas,Angelina County,B+
Mississippi,Lowndes County,A-
Texas,Van Zandt County,B-
Iowa,Iowa County,B+
New York,Wayne County,B-
Ohio,Montgomery County,B+
Minnesota,Lyon County,A-
Kentucky,Ballard County,B-
Montana,Teton County,B
Texas,McLennan County,A-
Texas,Johnson County,B+
North Carolina,Haywood County,B
Oklahoma,McClain County,B+
New York,Schuyler County,B-
California,Plumas County,C+
Iowa,Mills County,B
Tennessee,Coffee County,B-
Mississippi,Pontotoc County,B
Indiana,Perry County,B+
Washington,Kittitas County,B
Maine,Penobscot County,B-
Maryland,Allegany County,B
Minnesota,Roseau County,B+
Minnesota,Waseca County,B+
Tennessee,Weakley County,B
Wisconsin,Grant County,B+
Missouri,Greene County,A-
Maine,Knox County,B+
Idaho,Lemhi County,B-
Delaware,New Castle County,A
Arkansas,Prairie County,C+
Louisiana,Vernon Parish,B
Pennsylvania,Lawrence County,B-
Texas,Tom Green County,A-
Kentucky,Hardin County,B+
New York,Clinton County,B
Iowa,Boone County,B+
Arizona,Maricopa County,A-
Mississippi,Forrest County,A-
Tennessee,Carroll County,B-
Pennsylvania,Erie County,B+
South Carolina,Berkeley County,B+
Minnesota,Meeker County,B
Oklahoma,Cherokee County,A-
Ohio,Van Wert County,B
Oregon,Hood River County,B+
Alabama,Jefferson County,B+
West Virginia,Hancock County,B
Montana,Ravalli County,C+
New Hampshire,Carroll County,B
Indiana,Marshall County,B+
Kentucky,Whitley County,B-
Florida,Orange County,A-
Illinois,Whiteside County,B
Texas,Jones County,B-
Iowa,Poweshiek County,B+
Michigan,Marquette County,A
Kentucky,Casey County,B-
Montana,Madison County,B
Alabama,Elmore County,B+
Georgia,Cook County,B-
Wisconsin,Oconto County,B-
Ohio,Holmes County,B-
Texas,Aransas County,B
Nebraska,Otoe County,B
Pennsylvania,Indiana County,B-
Texas,Hays County,A-
Kansas,Phillips County,A-
Oklahoma,Grady County,B
Minnesota,Benton County,B+
Michigan,Berrien County,A-
Virginia,Clarke County,B
Georgia,Seminole County,B
Colorado,Park County,C+
Tennessee,Cumberland County,B-
Texas,Young County,B
New Hampshire,Merrimack County,B
Colorado,Chaffee County,A-
North Carolina,Hyde County,B+
Kentucky,Clark County,B-
Minnesota,Cottonwood County,B+
Tennessee,White County,C
Oregon,Deschutes County,B+
Georgia,Jones County,B
South Dakota,Hughes County,A
Minnesota,Chisago County,B
Wisconsin,Burnett County,B-
Pennsylvania,Dauphin County,B+
New York,Seneca County,B-
Texas,Cooke County,B
Missouri,Miller County,B-
California,Siskiyou County,C+
Missouri,Jasper County,B+
Iowa,Winnebago County,B+
Minnesota,Clay County,A-
South Dakota,Brown County,A-
Georgia,Bartow County,B
Nebraska,Red Willow County,B+
Wisconsin,Douglas County,B
Nebraska,Burt County,B
New Jersey,Camden County,B
Kansas,Saline County,A-
Iowa,Worth County,B
Florida,Broward County,A-
Missouri,Cass County,B
New Mexico,Bernalillo County,A-
Alabama,Jackson County,C+
Oklahoma,Custer County,A-
Ohio,Williams County,B-
Missouri,Cole County,A
Tennessee,Dickson County,C+
Oklahoma,Blaine County,B+
Indiana,Decatur County,B
Indiana,Benton County,B
Texas,Henderson County,B
Texas,Cass County,B-
Indiana,Posey County,B
West Virginia,Jackson County,B
Kansas,Kingman County,B-
Georgia,Oglethorpe County,B-
Virginia,Patrick County,C+
Missouri,Grundy County,B-
Louisiana,Lafayette Parish,A
Louisiana,Assumption Parish,B+
Mississippi,Alcorn County,B
Massachusetts,Berkshire County,B
Oklahoma,Kiowa County,B
Texas,Milam County,B
Michigan,Mackinac County,B+
California,Sonoma County,B
Montana,Fergus County,B
Nebraska,Buffalo County,A
Mississippi,Monroe County,B
Texas,Cherokee County,B
Kentucky,Breckinridge County,B-
Iowa,Henry County,B+
Alabama,Houston County,B+
Illinois,McDonough County,A-
Illinois,Bond County,B+
New York,Tioga County,B
Georgia,Douglas County,B+
Minnesota,Stearns County,A-
Texas,El Paso County,B+
Indiana,Kosciusko County,B+
Georgia,Paulding County,B
Arkansas,Stone County,C+
Missouri,Howell County,B-
Minnesota,Brown County,A-
North Dakota,Burleigh County,A
Iowa,Clay County,B+
Louisiana,Jefferson Davis Parish,B
Alaska,Ketchikan Gateway Borough,B-
Illinois,Marshall County,B-
Iowa,Hamilton County,B
California,Calaveras County,C+
Pennsylvania,Beaver County,B
Kansas,Crawford County,A-
New Hampshire,Hillsborough County,B
Montana,Sanders County,C
Texas,Harrison County,B+
Georgia,Rockdale County,B+
Michigan,Calhoun County,B
Illinois,Boone County,B
Nebraska,Cheyenne County,B+
Ohio,Madison County,B
Louisiana,Jefferson Parish,B+
Ohio,Ashland County,B
Wisconsin,Columbia County,B
Indiana,Carroll County,B
Nebraska,Madison County,B+
South Carolina,Darlington County,B
Nebraska,Polk County,B+
Washington,Island County,B+
Louisiana,Terrebonne Parish,B
Indiana,Pulaski County,B-
Kentucky,Montgomery County,C+
Texas,Montague County,B-
Wisconsin,Dodge County,B
Arkansas,Nevada County,B-
New Jersey,Ocean County,C+
Pennsylvania,Mercer County,B
Missouri,Buchanan County,B+
Utah,Box Elder County,B
Georgia,Bacon County,B-
Georgia,Putnam County,B
Kentucky,Mason County,B-
Iowa,Allamakee County,B+
Indiana,Steuben County,B+
Missouri,Iron County,B-
Texas,Nolan County,B
Florida,Pasco County,B
Oklahoma,Pittsburg County,B
Kansas,Sherman County,B-
Maine,Sagadahoc County,B
Wyoming,Johnson County,B-
Missouri,Caldwell County,B-
Virginia,Bedford County,B+
Iowa,Audubon County,B
Washington,Whatcom County,B+
Louisiana,Iberia Parish,B+
Texas,Delta County,B-
Kentucky,Jessamine County,B+
New York,Yates County,B
Georgia,Hall County,B
Louisiana,Ouachita Parish,B
Washington,Spokane County,B
Montana,Jefferson County,B+
North Carolina,Currituck County,B
Illinois,Livingston County,B-
Kentucky,Monroe County,B
Iowa,Guthrie County,B
Texas,Smith County,A-
Nebraska,Knox County,A-
North Carolina,Craven County,B+
Georgia,Walker County,B-
Texas,Hutchinson County,B
Virginia,Frederick County,B+
Illinois,Sangamon County,A-
Michigan,Macomb County,B+
North Carolina,Rutherford County,B-
Indiana,Montgomery County,B
Oklahoma,Greer County,B-
Kansas,Greenwood County,B-
Utah,Morgan County,B+
Arizona,Pima County,A-
Oklahoma,Mayes County,B
Ohio,Shelby County,B
Virginia,Augusta County,B
Kansas,Morris County,B-
Pennsylvania,Snyder County,B-
Missouri,Gentry County,B+
Kansas,Cloud County,B-
Wisconsin,Rock County,B
Georgia,Henry County,A-
Indiana,Dearborn County,B-
Texas,Washington County,A-
Wisconsin,Waupaca County,B
Minnesota,Faribault County,A-
New Mexico,Colfax County,B
Arkansas,Yell County,B-
Kentucky,Madison County,B+
North Carolina,Graham County,B-
Mississippi,Oktibbeha County,A-
Minnesota,Fillmore County,B+
Wisconsin,Dunn County,B+
Indiana,Rush County,B-
Montana,Carbon County,B
Georgia,Tift County,B
Indiana,Whitley County,B
Nebraska,Stanton County,B
Alabama,Calhoun County,B
Texas,Burnet County,B
Virginia,Henry County,C+
Oklahoma,Latimer County,B+
Texas,Runnels County,B
Minnesota,Grant County,B+
Wisconsin,Trempealeau County,B
Alabama,Crenshaw County,B-
Colorado,Clear Creek County,A-
Texas,Bexar County,A-
Iowa,Marion County,B+
South Carolina,Lancaster County,B
Missouri,DeKalb County,C
North Dakota,Traill County,A
Ohio,Licking County,B
Wisconsin,Price County,B-
Pennsylvania,Jefferson County,B-
Pennsylvania,Lebanon County,B-
Arkansas,Franklin County,C+
North Carolina,Mitchell County,B-
Utah,Garfield County,B-
California,Mariposa County,B-
Tennessee,Meigs County,C-
Missouri,Livingston County,B
Wisconsin,Kenosha County,B+
Texas,Hockley County,B
Nebraska,Phelps County,B
Michigan,Huron County,B-
Minnesota,Hubbard County,B
Texas,McCulloch County,B
Mississippi,Hancock County,B
Georgia,Thomas County,B
Texas,Hale County,B+
Kentucky,Greenup County,B-
Minnesota,Lac qui Parle County,B+
New Jersey,Salem County,C+
Louisiana,Winn Parish,C+
Georgia,Barrow County,B-
Missouri,McDonald County,B-
Georgia,Atkinson County,B-
Montana,Flathead County,B-
Oklahoma,Washita County,B
Minnesota,St. Louis County,B+
Texas,Jasper County,B-
Iowa,Cass County,B
Indiana,Gibson County,B
Iowa,O'Brien County,A-
Ohio,Henry County,B
Michigan,Allegan County,B
Wisconsin,Crawford County,B-
Missouri,Franklin County,B-
California,Shasta County,C+
Kentucky,Anderson County,C+
North Carolina,Pamlico County,B
Minnesota,Pennington County,B-
Kentucky,Lyon County,B
Ohio,Lucas County,B+
Washington,Clark County,B
Connecticut,New Haven County,B+
Florida,Hernando County,B-
Kentucky,Floyd County,C+
Nebraska,Sheridan County,A-
Florida,Gilchrist County,C+
Washington,Pend Oreille County,C
Texas,Dallas County,A
Ohio,Athens County,B+
California,Los Angeles County,B
Minnesota,Steele County,A-
Alabama,Etowah County,B
Indiana,LaGrange County,B-
South Dakota,Lawrence County,A-
Oklahoma,Coal County,B
South Carolina,Georgetown County,B+
Kentucky,Caldwell County,B-
Alabama,Escambia County,C+
Wisconsin,Lincoln County,B-
Virginia,King and Queen County,C+
Virginia,Nelson County,B-
Minnesota,Yellow Medicine County,B
Minnesota,Le Sueur County,B
Louisiana,St. James Parish,B
Iowa,Wayne County,B
Louisiana,Calcasieu Parish,A-
Washington,Pierce County,B-
North Dakota,Dickey County,A
Virginia,Shenandoah County,C+
Oklahoma,Wagoner County,B
Oregon,Wallowa County,B-
Indiana,Wells County,B+
Kentucky,Boyd County,B
Ohio,Erie County,B+
Alaska,Southeast Fairbanks Borough,C
Tennessee,Marshall County,B-
California,Santa Cruz County,B+
Ohio,Darke County,C+
Pennsylvania,Sullivan County,C+
Kentucky,Muhlenberg County,B-
Ohio,Hocking County,C+
Virginia,Scott County,C+
Oklahoma,Creek County,B-
North Carolina,Swain County,B
New York,Steuben County,B-
New York,Greene County,B-
Virginia,Charlotte County,B-
Illinois,Henry County,B
Indiana,Harrison County,B-
Michigan,Genesee County,B-
Louisiana,Iberville Parish,B
New York,Sullivan County,B-
Minnesota,Becker County,B+
Iowa,Madison County,B-
Tennessee,Robertson County,B-
Louisiana,Evangeline Parish,B-
New Hampshire,Cheshire County,B-
North Carolina,Stanly County,B-
Arkansas,Crawford County,C+
Indiana,Allen County,A-
Oklahoma,Beaver County,A-
Kansas,Jefferson County,B
Colorado,Conejos County,B
Ohio,Tuscarawas County,B
Illinois,Madison County,B+
Michigan,Chippewa County,B+
California,Inyo County,C+
Texas,Fannin County,B
North Carolina,Yadkin County,C+
Florida,Manatee County,A-
Pennsylvania,McKean County,B-
Missouri,Warren County,C+
New York,Chautauqua County,B-
Alabama,Tuscaloosa County,A-
California,Sutter County,B
South Carolina,Edgefield County,B
Vermont,Windsor County,B
Minnesota,Beltrami County,B+
Tennessee,McMinn County,C+
Missouri,Andrew County,B
Indiana,DeKalb County,B
Arkansas,Hot Spring County,B-
Oklahoma,Marshall County,B
Virginia,Tazewell County,B-
South Dakota,Charles Mix County,B+
Arkansas,Conway County,B-
Wisconsin,Marquette County,B-
Ohio,Paulding County,B-
Alabama,Walker County,C
South Carolina,Kershaw County,B+
Missouri,Linn County,B-
Alabama,Fayette County,C+
Ohio,Pickaway County,C+
Nebraska,Platte County,B+
Kansas,Butler County,B+
Texas,Rusk County,B
South Carolina,Saluda County,B-
Alabama,Geneva County,B-
Maine,York County,B
Missouri,Gasconade County,B-
Texas,Callahan County,B-
Florida,Gulf County,B-
Minnesota,Kandiyohi County,B+
Arkansas,Union County,B
New Mexico,Eddy County,B+
North Carolina,Stokes County,C+
Iowa,Cerro Gordo County,B+
Texas,Martin County,B+
North Dakota,Richland County,B+
Virginia,Amherst County,B+
Oregon,Multnomah County,A-
Ohio,Hardin County,B-
Missouri,Pettis County,B
Texas,Calhoun County,B+
New Mexico,Roosevelt County,B
Texas,Hunt County,B
Oklahoma,Sequoyah County,B-
Illinois,Adams County,B
New Mexico,Curry County,B-
Minnesota,Wadena County,B-
New York,Wyoming County,B-
New York,Cortland County,B-
Michigan,Branch County,B-
Nebraska,Holt County,B+
Minnesota,Big Stone County,A-
Iowa,Jasper County,B-
Arkansas,Polk County,B-
Wisconsin,Green Lake County,B-
Tennessee,Rhea County,C+
South Dakota,Moody County,B+
Illinois,Jasper County,B
Idaho,Bonner County,C+
Oklahoma,Murray County,B+
Minnesota,McLeod County,B
Nebraska,Thayer County,B+
Alabama,Lawrence County,C+
North Carolina,Beaufort County,B
Minnesota,Sherburne County,B+
Florida,Sumter County,B+
Indiana,White County,B
Virginia,Craig County,C
Georgia,Pike County,C+
Michigan,Isabella County,B+
Alabama,Dale County,B
Indiana,Franklin County,B
Kansas,Clay County,B+
Nebraska,Saunders County,B
Iowa,Calhoun County,B+
New Mexico,Quay County,B
Indiana,Jasper County,B
Michigan,Sanilac County,B-
Texas,Lee County,B+
Iowa,Osceola County,B+
Louisiana,Rapides Parish,B
Kansas,Ellsworth County,B+
North Carolina,Alexander County,C+
Ohio,Allen County,B
Washington,Lincoln County,B-
Tennessee,McNairy County,C
Arkansas,Sharp County,C
New York,Orleans County,C+
Alabama,Pike County,B
Pennsylvania,Wyoming County,C+
Oklahoma,Garvin County,B
Iowa,Kossuth County,A-
Nebraska,Fillmore County,B+
West Virginia,Mineral County,C+
Wyoming,Weston County,B-
Missouri,Marion County,B
Arkansas,Johnson County,B-
Kentucky,Mercer County,B-
Indiana,Delaware County,B+
Illinois,St. Clair County,B+
West Virginia,Berkeley County,C+
Indiana,Brown County,C+
Oklahoma,Oklahoma County,A-
North Carolina,Davidson County,B
Illinois,Richland County,B+
Tennessee,Smith County,C
California,Tuolumne County,C
Minnesota,Swift County,B
Iowa,Cherokee County,B
Virginia,Rappahannock County,B-
California,Butte County,B-
South Carolina,Greenwood County,B+
Texas,Gaines County,B+
South Carolina,Newberry County,B-
Wisconsin,Rusk County,B-
Oklahoma,Major County,B
Oklahoma,Muskogee County,B
Texas,Madison County,B-
Florida,Miami-Dade County,B
Michigan,Eaton County,B+
Tennessee,Greene County,C+
New York,Essex County,B
Illinois,Knox County,B
Illinois,Logan County,B
Michigan,Wayne County,B
Florida,Volusia County,B
Nevada,Lyon County,B-
North Carolina,Randolph County,B-
Kansas,Sedgwick County,A
Kentucky,Rockcastle County,C
West Virginia,Tucker County,B
Arizona,Coconino County,B+
Idaho,Caribou County,B
Louisiana,Acadia Parish,B-
South Dakota,Hamlin County,B+
Florida,Bay County,B
New Mexico,Do√±a Ana County,B+
Pennsylvania,Clearfield County,C+
Minnesota,Otter Tail County,B+
Nebraska,Custer County,B+
Georgia,Coffee County,B
Texas,Nueces County,B+
Arkansas,Logan County,C+
Kentucky,Lee County,C-
New York,Herkimer County,B-
Minnesota,Wilkin County,B
Arkansas,Lafayette County,B-
Oklahoma,Lincoln County,B-
West Virginia,Nicholas County,B
Arkansas,Jackson County,C+
Minnesota,Redwood County,B+
Iowa,Fayette County,B-
Arkansas,Howard County,B
Florida,Marion County,B
Virginia,Campbell County,B
Louisiana,Beauregard Parish,B+
Utah,Kane County,B-
Mississippi,Clarke County,B-
Virginia,Surry County,B
Colorado,Lincoln County,C+
Alabama,Lamar County,C+
Pennsylvania,Fulton County,C-
Texas,Tyler County,B-
Wisconsin,Racine County,B+
Texas,Morris County,B
Maine,Lincoln County,B
North Carolina,Cumberland County,B+
Alaska,Matanuska-Susitna Borough,C
Iowa,Pocahontas County,B
Ohio,Logan County,B-
Kansas,Reno County,B+
Georgia,Wheeler County,C
Kansas,Neosho County,B
New Mexico,Otero County,B
Minnesota,Norman County,B
North Carolina,Pitt County,A-
Alabama,Cherokee County,C
Nebraska,Gage County,B
Nebraska,Keith County,B+
Oklahoma,Tillman County,B
Ohio,Richland County,B-
Montana,Cascade County,B
Oklahoma,Pushmataha County,C+
Texas,Shelby County,B
Michigan,Delta County,B
California,Riverside County,B-
Illinois,Winnebago County,B
Missouri,Washington County,C
Kentucky,Spencer County,C+
Oregon,Yamhill County,B-
Arkansas,Izard County,C+
Texas,Coleman County,B-
Tennessee,Loudon County,B
Kentucky,Jefferson County,A-
Louisiana,Caldwell Parish,B-
Nevada,Lander County,B-
Texas,Matagorda County,B
Mississippi,Smith County,C+
Illinois,Jackson County,A-
Louisiana,St. John the Baptist Parish,B
Florida,Jackson County,B
Nebraska,Cuming County,B
Tennessee,Roane County,C+
Kansas,Rice County,A-
Illinois,Williamson County,B
Oklahoma,Woods County,A
California,Ventura County,B
Hawaii,Honolulu County,B-
South Dakota,Meade County,B
Alabama,St. Clair County,B-
Mississippi,Newton County,B
Wisconsin,Milwaukee County,B
Virginia,Warren County,B-
Alabama,DeKalb County,B-
Missouri,Moniteau County,B
Kentucky,Bullitt County,C+
Virginia,Pulaski County,B
Pennsylvania,Franklin County,B-
Oklahoma,McIntosh County,B-
Kentucky,Washington County,B-
Oklahoma,Nowata County,B-
Nebraska,Butler County,B
Iowa,Woodbury County,B+
Iowa,Ringgold County,B
Nebraska,Boone County,B
Georgia,Whitfield County,B-
Pennsylvania,Somerset County,C+
Illinois,Moultrie County,B
Georgia,Appling County,B
Oklahoma,Pottawatomie County,B
New York,Montgomery County,C+
South Carolina,Chesterfield County,B-
North Dakota,Ward County,B-
Colorado,Yuma County,B-
North Carolina,Madison County,B-
Alabama,Barbour County,C+
Texas,Refugio County,B
Louisiana,Sabine Parish,B-
Iowa,Buchanan County,B
Iowa,Black Hawk County,B+
Wyoming,Uinta County,B
Iowa,Hardin County,B+
Arkansas,Perry County,C+
West Virginia,Kanawha County,B+
Michigan,Arenac County,C+
Maryland,Caroline County,C+
Texas,Stephens County,B+
Colorado,Logan County,C+
Iowa,Harrison County,B-
New York,Lewis County,C+
South Dakota,McCook County,B+
Nebraska,Cass County,B+
Georgia,Dodge County,B-
Massachusetts,Bristol County,B-
North Carolina,Brunswick County,B
Vermont,Grand Isle County,C
Pennsylvania,Blair County,B
Illinois,Peoria County,B+
Oklahoma,Delaware County,B
Texas,Live Oak County,B
Illinois,Douglas County,B
Michigan,Oscoda County,C+
Kentucky,Carter County,C+
West Virginia,Doddridge County,C+
North Carolina,Jones County,C+
Kansas,Harvey County,A-
Arkansas,Little River County,C+
Illinois,Menard County,B
Ohio,Jefferson County,B
Louisiana,LaSalle Parish,B+
Michigan,Alpena County,B-
Arkansas,Cleburne County,B-
Missouri,Stone County,C
Indiana,Lake County,B
Minnesota,Houston County,B
Indiana,Sullivan County,B
Texas,Marion County,B-
Wyoming,Laramie County,B+
Nebraska,Clay County,B+
Michigan,St. Joseph County,B-
Wisconsin,Oneida County,B
Tennessee,Hamilton County,A-
West Virginia,Wood County,B
Oklahoma,Craig County,B-
Alabama,Marengo County,C+
Nevada,Churchill County,C+
Mississippi,Jefferson Davis County,C
Texas,Hill County,B-
Pennsylvania,Berks County,B-
Illinois,De Witt County,B
Montana,Lincoln County,B-
Missouri,Camden County,B-
Virginia,Floyd County,B
Tennessee,Obion County,B-
Maryland,Cecil County,C+
Ohio,Trumbull County,B-
Texas,Jack County,B-
Wyoming,Crook County,C+
Washington,Benton County,A-
Wisconsin,Shawano County,B-
Missouri,St. Francois County,B-
Pennsylvania,Bradford County,B-
Iowa,Wright County,B+
Texas,Navarro County,B
Rhode Island,Kent County,B
New York,Cayuga County,B-
Texas,Colorado County,B+
Idaho,Kootenai County,B-
Kentucky,Crittenden County,C+
Indiana,Marion County,B+
Indiana,Jennings County,C+
New York,Jefferson County,B-
Alabama,Tallapoosa County,B-
Texas,Mitchell County,B
Michigan,Saginaw County,B
Minnesota,Murray County,A-
Minnesota,Itasca County,B
Alabama,Talladega County,C+
Kansas,Dickinson County,B
Missouri,Webster County,C+
Vermont,Rutland County,B-
Arkansas,Miller County,B-
Georgia,Laurens County,B-
Colorado,Weld County,B+
Texas,Falls County,B-
Colorado,Elbert County,B-
Wyoming,Platte County,B-
Alabama,Winston County,C
Texas,Walker County,B
Texas,Burleson County,B+
Kansas,Washington County,B
Georgia,Hart County,B-
Arkansas,Randolph County,C+
Missouri,Carroll County,C+
Iowa,Jackson County,B-
Minnesota,Pipestone County,B+
Michigan,Schoolcraft County,B-
North Dakota,Pembina County,B+
South Dakota,Hutchinson County,B+
Alabama,Blount County,C+
Iowa,Washington County,B
Ohio,Huron County,B-
Idaho,Madison County,B
Oklahoma,Beckham County,B+
Arizona,Greenlee County,B
Wisconsin,Bayfield County,B+
New York,Chemung County,B
Iowa,Jefferson County,A
Texas,Floyd County,B
Florida,Osceola County,B
South Dakota,Bon Homme County,A-
Minnesota,Marshall County,B
Indiana,Huntington County,B
Tennessee,Decatur County,C+
Georgia,Troup County,B-
California,Santa Barbara County,B+
Nebraska,Hall County,B+
Pennsylvania,Lackawanna County,B
Texas,Red River County,C
Michigan,Baraga County,B
Missouri,Shelby County,B-
Texas,Wheeler County,B
Iowa,Chickasaw County,B
Wyoming,Goshen County,B-
Virginia,Greene County,C+
Minnesota,Renville County,B+
Wyoming,Fremont County,B-
Maine,Kennebec County,B-
Kansas,McPherson County,A-
Nevada,Pershing County,C
Texas,Orange County,B
Louisiana,Cameron Parish,B
Virginia,Carroll County,C+
Louisiana,Bienville Parish,B
Missouri,Cooper County,B-
Indiana,Noble County,B
Idaho,Washington County,C+
Alabama,Franklin County,C+
Indiana,Putnam County,B-
North Dakota,Morton County,B+
Minnesota,Todd County,B
Michigan,Van Buren County,B-
South Dakota,Fall River County,A-
Indiana,Elkhart County,B
Colorado,Garfield County,B-
Kentucky,Shelby County,B
North Carolina,Onslow County,B
Iowa,Montgomery County,C+
Arkansas,Newton County,B-
Iowa,Jones County,B-
New York,Schoharie County,C+
Missouri,Harrison County,C+
Indiana,Washington County,C
Ohio,Morrow County,C
New Hampshire,Belknap County,B-
Georgia,Wilkes County,B-
Missouri,Osage County,B-
Kansas,Miami County,B-
Utah,Grand County,B
Pennsylvania,Clarion County,B-
Michigan,Iron County,B-
Pennsylvania,Cambria County,B-
Virginia,Appomattox County,B
Indiana,Crawford County,C
Oklahoma,Kay County,B+
Illinois,Shelby County,B-
Michigan,St. Clair County,B-
New Mexico,San Juan County,C+
Georgia,Pickens County,B-
Illinois,Lee County,B-
Indiana,Henry County,B-
Montana,Stillwater County,B-
Oklahoma,Caddo County,B-
Georgia,Banks County,C+
Maryland,Kent County,B+
Vermont,Orleans County,C+
Alabama,Chilton County,C+
New York,Washington County,C+
North Carolina,Alamance County,B
Iowa,Franklin County,B+
Alabama,Clay County,C
West Virginia,Brooke County,B-
Michigan,Roscommon County,C+
North Carolina,Gates County,C
South Carolina,Laurens County,B-
Michigan,Barry County,B-
Texas,Houston County,B-
Oklahoma,Alfalfa County,B+
New York,Delaware County,C+
Kansas,Osage County,B-
Kentucky,Perry County,C+
Oregon,Grant County,C+
Missouri,Dallas County,C+
Illinois,Bureau County,B
South Carolina,Aiken County,A-
New York,Cattaraugus County,C+
Missouri,Ray County,C+
Tennessee,Lauderdale County,C-
Texas,San Patricio County,B
Wyoming,Natrona County,B-
Missouri,Bates County,C+
Indiana,St. Joseph County,A-
Texas,Andrews County,B+
Montana,Lake County,C+
Utah,Salt Lake County,A-
Kentucky,Morgan County,C
Georgia,Haralson County,C
North Dakota,Ransom County,B-
Missouri,Newton County,B
Washington,Douglas County,B-
Texas,Lamb County,B
New Hampshire,Coos County,C
Texas,Sabine County,C+
New Mexico,Torrance County,C
Virginia,Grayson County,C
Minnesota,Nobles County,B+
Mississippi,Jasper County,C+
Iowa,Mahaska County,B
Texas,Swisher County,B
Michigan,Antrim County,B
Nebraska,Howard County,B-
Nebraska,Adams County,B+
Indiana,Vanderburgh County,B+
Michigan,Wexford County,B-
Colorado,Delta County,C+
Louisiana,West Baton Rouge Parish,B+
Michigan,Monroe County,B-
Kansas,Bourbon County,B-
Michigan,Lenawee County,B
Missouri,Chariton County,B-
Michigan,Ionia County,B-
Michigan,Bay County,B
Wisconsin,Clark County,B-
Oklahoma,Carter County,B-
Kentucky,Franklin County,B+
Pennsylvania,Armstrong County,C+
Washington,Clallam County,B-
Ohio,Knox County,B
Wyoming,Converse County,B-
Missouri,Douglas County,C-
Iowa,Sac County,B+
South Dakota,Turner County,B
West Virginia,Greenbrier County,B
Georgia,Clarke County,A-
Arkansas,Madison County,C
Georgia,Franklin County,C+
Minnesota,Chippewa County,B-
Kansas,Montgomery County,B-
Pennsylvania,Carbon County,C
Wyoming,Sweetwater County,B-
Kentucky,Taylor County,C+
West Virginia,Marshall County,B
Georgia,Muscogee County,B+
Hawaii,Maui County,B-
Montana,Rosebud County,B+
Ohio,Muskingum County,C+
Missouri,Lewis County,C+
Texas,Cameron County,B-
Illinois,Cumberland County,B-
South Carolina,Florence County,B+
Iowa,Floyd County,B
Wisconsin,Richland County,B-
Michigan,Ontonagon County,C+
Pennsylvania,Schuylkill County,C+
Indiana,Howard County,B
Colorado,Bent County,C
Missouri,Clark County,C+
Kentucky,Allen County,C
Kentucky,Nelson County,C+
Arkansas,Greene County,C+
New York,Allegany County,B-
New York,Chenango County,C+
Illinois,Washington County,B-
Pennsylvania,Luzerne County,B-
Indiana,Vigo County,B
New Mexico,Chaves County,B
Michigan,Otsego County,B-
Ohio,Lawrence County,C+
Texas,Maverick County,C
Florida,Columbia County,B-
Missouri,Callaway County,B
New Hampshire,Strafford County,B
North Carolina,Person County,B-
Montana,Valley County,B
Indiana,Vermillion County,C+
Kentucky,Bourbon County,C
North Carolina,Durham County,A+
Texas,Moore County,B
Iowa,Cedar County,B
Kentucky,Metcalfe County,C
Michigan,Gratiot County,B-
Michigan,Lapeer County,B-
Indiana,LaPorte County,B
Illinois,Coles County,B+
Maine,Waldo County,B-
Iowa,Greene County,B
Missouri,Randolph County,B-
North Carolina,Franklin County,C+
Massachusetts,Suffolk County,B+
Tennessee,Carter County,C
Mississippi,Lauderdale County,B
Tennessee,Benton County,C
Wisconsin,Marinette County,B-
Michigan,Missaukee County,C+
Tennessee,Bedford County,C+
Missouri,Montgomery County,C
Missouri,Polk County,C+
Michigan,Muskegon County,B
Maine,Washington County,C+
Minnesota,Sibley County,B+
Mississippi,Tippah County,C+
Louisiana,Grant Parish,C
Missouri,Lawrence County,B-
Mississippi,Marion County,C+
Texas,Bailey County,C
Connecticut,Windham County,C+
Arkansas,Drew County,B-
Oregon,Lane County,B-
Illinois,Morgan County,B+
Michigan,Jackson County,B-
Utah,Emery County,C+
Tennessee,Perry County,C+
New York,St. Lawrence County,B-
Virginia,Giles County,B-
Massachusetts,Hampden County,B-
Michigan,Oceana County,B-
Alabama,Mobile County,B
Illinois,LaSalle County,B-
Kentucky,Pike County,C
New York,Oswego County,C
Indiana,Clay County,B
Minnesota,Freeborn County,B
California,Humboldt County,C+
Colorado,Montrose County,B-
Alabama,Clarke County,B-
Kansas,Russell County,B
Texas,Starr County,C
Alabama,Randolph County,C+
Kentucky,Grayson County,C
Ohio,Sandusky County,B-
Illinois,Stephenson County,B
Minnesota,Jackson County,A-
Texas,Grimes County,C+
North Carolina,Gaston County,B-
Texas,Parmer County,B
Ohio,Perry County,C
Virginia,Dinwiddie County,C+
Oklahoma,Osage County,B-
Virginia,Page County,C
Montana,Toole County,C+
Washington,Skamania County,C+
Kansas,Cowley County,B
Georgia,Elbert County,C+
Indiana,Knox County,B-
Indiana,Tipton County,B-
Missouri,Lafayette County,C+
Washington,Jefferson County,B+
Missouri,Audrain County,B-
Minnesota,Lake County,B
Ohio,Seneca County,B-
Missouri,Monroe County,B
South Dakota,Spink County,B
Iowa,Howard County,B-
Arkansas,Lawrence County,C+
Iowa,Appanoose County,B-
Missouri,Crawford County,C
Louisiana,West Carroll Parish,B
Rhode Island,Providence County,B-
Missouri,Daviess County,C+
Washington,Skagit County,B-
Georgia,Pulaski County,B-
California,Solano County,B-
Tennessee,Sevier County,C+
Michigan,Cass County,B-
Nebraska,Saline County,B
Pennsylvania,Crawford County,B-
Kansas,Ottawa County,B-
Missouri,Ralls County,B-
Iowa,Adair County,C+
Mississippi,Lincoln County,B-
North Carolina,Chowan County,C+
Missouri,Stoddard County,B-
Washington,Pacific County,C+
Missouri,Dent County,C+
Georgia,Brantley County,C+
Michigan,Gogebic County,B+
Missouri,Ozark County,C
Texas,Ochiltree County,B
Washington,Walla Walla County,B+
Texas,DeWitt County,B
Minnesota,Polk County,B+
Ohio,Jackson County,C+
Oregon,Harney County,C+
Oregon,Lake County,C
Indiana,Madison County,B-
Texas,Wharton County,B
Wisconsin,Waushara County,C+
Iowa,Fremont County,B
Virginia,Buckingham County,C
Kansas,Finney County,B
Pennsylvania,Tioga County,B
Illinois,Mercer County,C+
Oklahoma,Pawnee County,B-
Indiana,Greene County,B-
North Carolina,Jackson County,B+
Wisconsin,Adams County,C
Ohio,Fayette County,C+
Oklahoma,Woodward County,B
Tennessee,Houston County,C
Arkansas,Arkansas County,B-
Virginia,Russell County,C
Mississippi,Pearl River County,C
Wisconsin,Monroe County,B-
West Virginia,Harrison County,B
Tennessee,Monroe County,C
Illinois,Kankakee County,B-
Nebraska,Dodge County,B
Indiana,Morgan County,B-
California,Mendocino County,C+
Montana,Lewis and Clark County,A-
South Carolina,Cherokee County,B-
Illinois,Macoupin County,B-
Florida,Dixie County,C+
Florida,Lake County,B
Ohio,Gallia County,C+
California,Tehama County,C
Tennessee,Johnson County,C+
Arkansas,Ashley County,C+
West Virginia,Cabell County,B+
California,Amador County,C+
Nebraska,Lincoln County,B+
Missouri,Madison County,C-
Nebraska,Box Butte County,B+
Oregon,Tillamook County,C+
Ohio,Coshocton County,B-
Michigan,Cheboygan County,B
North Dakota,McLean County,B
Louisiana,Catahoula Parish,B-
Iowa,Tama County,B-
Ohio,Wyandot County,B-
Texas,Liberty County,C+
Texas,Polk County,B-
New Mexico,Santa Fe County,A
New Mexico,Sierra County,C+
Minnesota,Morrison County,B-
Pennsylvania,Bedford County,C+
Texas,Nacogdoches County,A-
Illinois,Rock Island County,B
Georgia,Burke County,C+
Kentucky,Fulton County,B-
North Carolina,Scotland County,C
Missouri,Oregon County,C
West Virginia,Ritchie County,C+
Pennsylvania,Venango County,B-
Oklahoma,Le Flore County,B
West Virginia,Clay County,C-
Arizona,Yavapai County,B-
Georgia,Colquitt County,B-
Alabama,Pickens County,C
Kansas,Sumner County,B
Illinois,Crawford County,B
Arizona,Graham County,C+
Wisconsin,Jackson County,B-
Texas,Hidalgo County,C+
Pennsylvania,Susquehanna County,C
South Carolina,Bamberg County,B-
Indiana,Wabash County,B
Texas,Palo Pinto County,B-
Indiana,Wayne County,B
Kansas,Pawnee County,B
Georgia,Lanier County,C
Arkansas,Pulaski County,A-
South Dakota,Roberts County,B
Vermont,Orange County,B-
Illinois,Warren County,B
Colorado,Mesa County,B-
Georgia,Liberty County,B-
Texas,Webb County,C
Kansas,Harper County,B
West Virginia,Raleigh County,B-
Kentucky,Rowan County,B
Wisconsin,Juneau County,C+
Louisiana,East Baton Rouge Parish,A-
Missouri,Laclede County,C
Minnesota,Mower County,B
Ohio,Belmont County,B-
Missouri,Bollinger County,C
Pennsylvania,Forest County,C+
Alabama,Henry County,B-
Texas,Limestone County,B-
Georgia,Wayne County,B-
Washington,Ferry County,C
Illinois,Perry County,B-
New Jersey,Hudson County,B
California,San Joaquin County,C+
Mississippi,Franklin County,B-
Mississippi,Greene County,C+
Missouri,Maries County,C
Iowa,Keokuk County,C+
Indiana,Randolph County,B-
Kentucky,Trigg County,C+
Texas,Wilbarger County,B-
Louisiana,St. Martin Parish,B
Ohio,Clark County,B-
Nebraska,Merrick County,B
Louisiana,Washington Parish,C
Arkansas,Grant County,C+
Missouri,Butler County,C+
Washington,Chelan County,B
Oregon,Jackson County,B-
Michigan,Menominee County,B-
Florida,Highlands County,B
Iowa,Crawford County,B
New Mexico,Lincoln County,B
Utah,Sanpete County,B-
North Carolina,Lee County,B
Oklahoma,Okmulgee County,B-
Arkansas,Poinsett County,C
California,Lassen County,C+
Nebraska,Kearney County,B+
Tennessee,Madison County,B
Missouri,Howard County,B
Tennessee,Cocke County,C-
Mississippi,Wayne County,B-
California,Fresno County,C+
Missouri,Macon County,C+
South Carolina,Calhoun County,B
New York,Franklin County,B-
Indiana,Jackson County,B-
Indiana,Clinton County,B-
Pennsylvania,Warren County,B-
South Dakota,Yankton County,B+
Texas,Pecos County,B
New Hampshire,Sullivan County,C
Iowa,Page County,B
North Dakota,McKenzie County,B
Indiana,Miami County,B-
Minnesota,Koochiching County,B+
Ohio,Washington County,B-
Kentucky,Fleming County,C+
Nebraska,Scotts Bluff County,B+
Texas,Garza County,B
Louisiana,Caddo Parish,B
Georgia,Newton County,B-
Texas,Jefferson County,B
Missouri,Pike County,B-
Wyoming,Campbell County,C+
Nevada,Clark County,B-
Ohio,Columbiana County,B-
Ohio,Scioto County,C+
Minnesota,Martin County,B
West Virginia,Mercer County,B-
South Carolina,Barnwell County,C+
Missouri,Scott County,C+
Nebraska,Richardson County,B
Indiana,Martin County,C+
Ohio,Ross County,C+
Illinois,Hancock County,B-
Indiana,Clark County,B
Kansas,Doniphan County,B
North Carolina,Rockingham County,C+
West Virginia,Pocahontas County,B-
Virginia,Orange County,B-
Kentucky,Letcher County,C+
Oregon,Josephine County,C-
Florida,Glades County,B-
Kentucky,Adair County,C+
Kansas,Allen County,B
Michigan,Manistee County,B
Vermont,Caledonia County,C+
Ohio,Clinton County,C+
Missouri,Wright County,C-
Iowa,Lee County,B-
Kentucky,McLean County,C+
Iowa,Clayton County,B-
Michigan,Shiawassee County,B-
North Dakota,Walsh County,B+
Wisconsin,Langlade County,B-
Tennessee,Cannon County,C-
Virginia,Madison County,C
Indiana,Blackford County,C
Idaho,Bear Lake County,B-
Utah,Carbon County,B-
Georgia,Jasper County,C-
Texas,Newton County,C
California,San Bernardino County,C
Virginia,Smyth County,C+
Minnesota,Kanabec County,C
Colorado,Saguache County,C+
Illinois,Scott County,B-
Colorado,Alamosa County,B
Tennessee,Hawkins County,C
Kentucky,Russell County,C
Oklahoma,Ottawa County,C+
Idaho,Nez Perce County,B
Wisconsin,Ashland County,B
Missouri,St. Clair County,C
Michigan,Newaygo County,B-
Kansas,Thomas County,B+
Texas,Karnes County,B+
Ohio,Carroll County,C+
Indiana,Lawrence County,C+
Oregon,Polk County,B
Alaska,Prince of Wales-Hyder Borough,C
Minnesota,Isanti County,C+
Texas,Gonzales County,B
North Carolina,Greene County,C+
Oklahoma,Stephens County,B-
Kentucky,Magoffin County,C
North Dakota,McHenry County,B-
Georgia,McIntosh County,C
Pennsylvania,Northumberland County,C+
Kansas,Seward County,B-
Maine,Aroostook County,C
South Dakota,Kingsbury County,B+
Georgia,Murray County,C+
Ohio,Marion County,C+
New Mexico,Valencia County,C+
Arkansas,Ouachita County,B-
Pennsylvania,Perry County,C
Iowa,Marshall County,B
New Mexico,Taos County,B-
Missouri,Barton County,C+
Washington,Klickitat County,C+
Kentucky,Ohio County,C+
Missouri,Sullivan County,C+
Michigan,Iosco County,B-
Virginia,Accomack County,B-
Idaho,Gem County,C
Georgia,Chattooga County,C+
North Carolina,Rowan County,B-
Indiana,Daviess County,B-
Vermont,Franklin County,C
Illinois,Edgar County,B
Florida,Escambia County,B+
Oklahoma,Garfield County,B+
Montana,Broadwater County,C+
Arkansas,Pike County,B-
Arizona,Cochise County,B
Oregon,Baker County,C+
Illinois,Randolph County,B-
Ohio,Champaign County,C+
Georgia,Irwin County,C
California,Yuba County,C
Iowa,Monroe County,B-
Colorado,Teller County,B-
Georgia,Washington County,C+
Indiana,Grant County,B-
Kentucky,Grant County,C-
Washington,Stevens County,C
Ohio,Morgan County,C
Missouri,Pemiscot County,C
North Carolina,Richmond County,C+
Ohio,Crawford County,C+
Tennessee,DeKalb County,C
South Dakota,Tripp County,B
Florida,St. Lucie County,B
Kansas,Franklin County,C+
Mississippi,Winston County,B-
Texas,Bee County,B-
North Carolina,Montgomery County,B-
Hawaii,Kauai County,C+
New Jersey,Passaic County,C
Montana,Silver Bow County,B
Illinois,Union County,B
Tennessee,Davidson County,A-
Washington,Asotin County,C+
Indiana,Fayette County,C+
Michigan,Mecosta County,B
Iowa,Davis County,B-
Illinois,Cass County,B-
Arkansas,Cleveland County,B-
North Carolina,Perquimans County,C
Colorado,Huerfano County,B-
South Dakota,Pennington County,B+
Mississippi,Stone County,C+
Pennsylvania,Potter County,C+
Mississippi,George County,C+
Kentucky,Garrard County,C-
Ohio,Guernsey County,C+
Texas,Hartley County,B+
Kentucky,Union County,C+
Missouri,Barry County,C+
California,Modoc County,C-
North Dakota,Mercer County,A-
Utah,Juab County,C+
Georgia,Toombs County,B-
Georgia,Long County,C+
West Virginia,Gilmer County,B+
Minnesota,Pine County,C+
Texas,Scurry County,B
Kentucky,Bath County,C
Montana,Chouteau County,B
Oklahoma,Jefferson County,B-
Michigan,Hillsdale County,C+
Iowa,Des Moines County,B-
Missouri,Benton County,C
North Dakota,Bottineau County,B
Mississippi,Chickasaw County,C
Washington,Lewis County,C
Idaho,Fremont County,B-
Virginia,Wythe County,C+
Arkansas,Mississippi County,C+
Nebraska,Colfax County,B
Virginia,Lee County,C
Missouri,Morgan County,C+
Louisiana,Concordia Parish,C
South Carolina,Clarendon County,C
Texas,San Augustine County,C
Florida,Polk County,B
Iowa,Muscatine County,B-
Iowa,Pottawattamie County,B-
Minnesota,Cook County,A
Mississippi,Neshoba County,C
Georgia,Decatur County,B-
Hawaii,Hawaii County,C
Michigan,Luce County,B-
Arkansas,Scott County,C+
Illinois,Fulton County,C+
Georgia,Ben Hill County,C
South Dakota,Dewey County,B-
North Carolina,Wilson County,B-
Texas,Gray County,B-
Georgia,Taylor County,C+
Tennessee,Hardin County,C-
Montana,Powell County,B-
West Virginia,Hampshire County,C
Georgia,Jeff Davis County,C
Michigan,Gladwin County,C
Oklahoma,Haskell County,C+
Iowa,Wapello County,B-
Colorado,Las Animas County,C+
Illinois,White County,B-
Colorado,Rio Grande County,C+
Colorado,Crowley County,C-
Idaho,Jefferson County,B-
Texas,Dallam County,C+
Kentucky,Nicholas County,C-
Florida,Washington County,C+
Vermont,Bennington County,B-
North Carolina,Wayne County,B-
Ohio,Preble County,C+
Indiana,Parke County,B-
Mississippi,Calhoun County,B-
Kentucky,Livingston County,C
Kentucky,Harlan County,C
Georgia,Johnson County,C+
Illinois,Jefferson County,B-
Georgia,Grady County,C
Georgia,Gilmer County,C+
Tennessee,Shelby County,B
Indiana,Pike County,C
Georgia,Dade County,C+
Oregon,Linn County,C
Oklahoma,Johnston County,B-
Kansas,Wilson County,C+
Ohio,Ashtabula County,C+
Kansas,Linn County,C+
Mississippi,Tate County,C+
Illinois,Hamilton County,C+
Alaska,Yukon-Koyukuk Borough,C-
Illinois,Clark County,B-
Kansas,Pratt County,B
Illinois,Putnam County,B-
Illinois,Marion County,B-
Kentucky,Cumberland County,C+
Oregon,Clatsop County,C+
Alabama,Monroe County,C
Alabama,Washington County,C
Georgia,Worth County,C
Georgia,Early County,C+
Louisiana,St. Landry Parish,C+
Idaho,Bonneville County,B
Louisiana,Webster Parish,B-
Kentucky,Harrison County,C-
California,Stanislaus County,C+
Illinois,Johnson County,B-
California,Del Norte County,C
Kentucky,Knott County,C
Tennessee,Overton County,C
Tennessee,Maury County,B-
West Virginia,Hardy County,B-
North Carolina,Granville County,B-
Minnesota,Cass County,B
Mississippi,Montgomery County,C
Kentucky,Hart County,C
Illinois,Schuyler County,B-
South Dakota,Custer County,A-
Pennsylvania,Huntingdon County,C+
Kentucky,Leslie County,C
Virginia,Mecklenburg County,C+
Idaho,Payette County,C+
Indiana,Newton County,C
Iowa,Palo Alto County,B
Washington,Cowlitz County,C
Arkansas,Montgomery County,C
Texas,Trinity County,C
Tennessee,Lewis County,C
North Carolina,Nash County,B-
Kansas,Cherokee County,B-
North Carolina,McDowell County,C
Missouri,New Madrid County,B-
Mississippi,Jones County,B-
Indiana,Cass County,B-
Michigan,Lake County,C
Colorado,Fremont County,C+
Arkansas,Lincoln County,C
Arizona,Mohave County,C
West Virginia,Monroe County,C
Mississippi,Lawrence County,C
Tennessee,Franklin County,B-
Missouri,Shannon County,C+
Florida,Duval County,B+
Tennessee,Unicoi County,C
Arizona,Pinal County,B-
Oklahoma,Adair County,C+
Pennsylvania,Juniata County,C+
Pennsylvania,Mifflin County,C
Missouri,Vernon County,C+
Utah,Millard County,B-
West Virginia,Boone County,C-
Idaho,Twin Falls County,B-
Kentucky,Bell County,C-
Utah,Weber County,B
Idaho,Idaho County,B-
Louisiana,Natchitoches Parish,B-
Georgia,Turner County,C
Georgia,Telfair County,C+
New York,Fulton County,C
Utah,Beaver County,C+
Kentucky,Lawrence County,C
Kentucky,Clinton County,C+
Montana,Yellowstone County,B-
Texas,Castro County,B-
Texas,Frio County,C
Missouri,Dunklin County,C+
Colorado,Morgan County,B-
Colorado,Otero County,C+
Tennessee,Marion County,C
Tennessee,Fentress County,C-
Illinois,Macon County,B
Indiana,Fountain County,B-
Tennessee,Humphreys County,C
Arkansas,Dallas County,C+
Georgia,Lamar County,C+
Illinois,Greene County,C+
Nebraska,Jefferson County,B-
Indiana,Fulton County,B-
Nebraska,Dakota County,B-
Kentucky,Clay County,C-
Tennessee,Sequatchie County,C
Texas,Reeves County,B
West Virginia,Webster County,C-
Missouri,Saline County,B-
Minnesota,Watonwan County,B
Colorado,Pueblo County,B-
Kentucky,Knox County,C-
Iowa,Louisa County,C+
Arizona,Navajo County,C
West Virginia,Wyoming County,C-
Georgia,Tattnall County,C+
Florida,Liberty County,B-
Texas,Presidio County,A-
Texas,Atascosa County,B-
Tennessee,Jefferson County,C
Mississippi,Panola County,C
Ohio,Meigs County,C+
Nevada,White Pine County,B-
Maine,Franklin County,B-
Kansas,Atchison County,B-
Iowa,Monona County,C
Kentucky,Christian County,B-
Minnesota,Aitkin County,C+
Missouri,Cedar County,C-
Michigan,Ogemaw County,C
Maine,Piscataquis County,C
Louisiana,Red River Parish,C+
Arizona,La Paz County,C
Kentucky,Webster County,C+
Alabama,Conecuh County,C-
Illinois,Wayne County,B-
Tennessee,Warren County,C+
Colorado,Prowers County,C+
Maine,Androscoggin County,C+
Virginia,Westmoreland County,C
Iowa,Union County,C+
Georgia,Spalding County,C
Pennsylvania,Fayette County,C
Virginia,Alleghany County,B-
South Dakota,Butte County,B-
New Mexico,Grant County,B+
North Carolina,Hoke County,C
Virginia,Sussex County,C+
Kentucky,Wayne County,C-
Georgia,DeKalb County,A-
Kentucky,Green County,C
West Virginia,Mingo County,C-
South Carolina,Chester County,C+
Idaho,Franklin County,C+
Kansas,Barton County,B
Illinois,Montgomery County,B-
Louisiana,Tangipahoa Parish,B-
Georgia,Chatham County,B+
Tennessee,Macon County,C-
Missouri,Texas County,C+
Nebraska,Dawson County,B+
Nevada,Lincoln County,C+
Texas,Crosby County,C+
Michigan,Tuscola County,C
Indiana,Scott County,C-
Missouri,Reynolds County,C
Louisiana,Jackson Parish,B-
Colorado,Archuleta County,B-
Michigan,Montcalm County,C
Oklahoma,Seminole County,C+
Indiana,Jefferson County,B-
Illinois,Christian County,C+
Texas,Kleberg County,B
Arkansas,Clay County,C
Wisconsin,Forest County,C+
Texas,Willacy County,C-
Georgia,Wilcox County,C
Tennessee,Haywood County,C-
New Mexico,Cibola County,C-
Kentucky,Powell County,C-
Minnesota,Mille Lacs County,C+
Georgia,Butts County,C-
Texas,Caldwell County,B-
New Jersey,Cumberland County,C
Oregon,Marion County,B-
Indiana,Switzerland County,C-
West Virginia,Randolph County,B-
California,Kings County,C
Illinois,Wabash County,B-
North Carolina,Columbus County,C
Alabama,Russell County,C+
New Mexico,Lea County,B
Arizona,Santa Cruz County,B-
Michigan,Montmorency County,C-
Montana,Pondera County,B-
Missouri,Wayne County,C-
Colorado,Rio Blanco County,B-
Illinois,Mason County,C
Colorado,Kit Carson County,C
Texas,Deaf Smith County,C+
Idaho,Benewah County,C
Michigan,Mason County,B-
Kansas,Rooks County,B
Michigan,Presque Isle County,B-
Utah,Sevier County,C+
Vermont,Essex County,C-
Indiana,Starke County,C
Georgia,Treutlen County,C+
Georgia,Clinch County,C
Kentucky,Lincoln County,C
Michigan,Kalkaska County,C+
Oklahoma,Hughes County,B-
Tennessee,Wayne County,C-
Oklahoma,Love County,C+
West Virginia,Pleasants County,C
South Carolina,Dillon County,C
Virginia,Halifax County,C+
Mississippi,Perry County,C
Mississippi,Marshall County,C-
Texas,Bastrop County,B-
Idaho,Teton County,B+
Utah,Tooele County,B-
Washington,Grays Harbor County,C
Texas,Howard County,B
Alabama,Bibb County,C
South Carolina,Union County,C
North Dakota,Benson County,B-
Georgia,Upson County,C
Illinois,Edwards County,B-
Nevada,Humboldt County,C+
Alabama,Coosa County,C
Florida,Holmes County,C
Maine,Somerset County,C-
California,Merced County,C
North Carolina,Martin County,C
Georgia,Wilkinson County,B-
Ohio,Highland County,C-
Alabama,Butler County,C
California,Tulare County,C
Montana,Richland County,C
Missouri,Lincoln County,C
Oregon,Klamath County,C
Kentucky,Pendleton County,C-
Tennessee,Giles County,C
Iowa,Clarke County,C
Illinois,Henderson County,C+
Georgia,Charlton County,B-
Oregon,Union County,B-
California,Kern County,C
Georgia,McDuffie County,C+
Maryland,Dorchester County,C
North Carolina,Harnett County,B-
Kentucky,Martin County,C-
Florida,Baker County,C
Florida,Taylor County,C+
Mississippi,Walthall County,C+
Washington,Okanogan County,C+
Missouri,Perry County,B-
Minnesota,Clearwater County,B-
Illinois,Gallatin County,C+
Indiana,Orange County,C+
Georgia,Emanuel County,C+
Arkansas,Desha County,C+
Iowa,Buena Vista County,B+
Oklahoma,Okfuskee County,C+
California,San Benito County,C
Pennsylvania,Greene County,C+
Georgia,Meriwether County,C-
Indiana,Owen County,C
Virginia,Nottoway County,C
West Virginia,Wirt County,C-
Minnesota,Mahnomen County,C+
Kansas,Stevens County,B
Tennessee,Claiborne County,C
Virginia,Amelia County,C
Indiana,Ohio County,C-
Ohio,Brown County,C-
California,Lake County,C-
Colorado,Adams County,B-
Texas,San Jacinto County,C
Tennessee,Cheatham County,C-
North Carolina,Duplin County,C
Georgia,Mitchell County,C
California,Colusa County,C+
West Virginia,Roane County,C
Tennessee,Hickman County,D+
Texas,Terry County,B-
Tennessee,Hardeman County,C-
Kentucky,Wolfe County,D+
Kentucky,Todd County,C
South Carolina,Sumter County,B-
Oregon,Coos County,C
Texas,Victoria County,B
Idaho,Shoshone County,C-
North Dakota,Stark County,B
Georgia,Evans County,C+
Mississippi,Yalobusha County,C
Oregon,Umatilla County,B-
Missouri,Mississippi County,C
Florida,Suwannee County,C+
Iowa,Decatur County,C+
Illinois,Fayette County,B-
North Dakota,Mountrail County,B
Missouri,Dade County,C+
Louisiana,Claiborne Parish,C
Nevada,Elko County,C+
Michigan,Alcona County,C
Arizona,Yuma County,C+
Tennessee,Scott County,C-
Michigan,Osceola County,C
Illinois,Vermilion County,B-
Arkansas,Crittenden County,C+
Texas,Dawson County,B-
Kansas,Wyandotte County,B-
Mississippi,Benton County,C-
Nevada,Nye County,C-
Tennessee,Bledsoe County,C
Michigan,Clare County,C
Tennessee,Grainger County,C-
New Mexico,Socorro County,C
Washington,Mason County,C
Florida,Levy County,C+
Ohio,Noble County,C
West Virginia,Calhoun County,C-
Idaho,Elmore County,B-
Texas,Ward County,B
Montana,Blaine County,C+
Ohio,Vinton County,C-
Iowa,Emmet County,B
Florida,Okeechobee County,B-
Oregon,Douglas County,C
Mississippi,Carroll County,C+
Missouri,Henry County,C
West Virginia,Morgan County,C-
South Carolina,Fairfield County,C
Arkansas,Hempstead County,C
California,Glenn County,C-
Alabama,Hale County,C
Oregon,Jefferson County,C
North Carolina,Lenoir County,C
North Carolina,Pasquotank County,C+
Virginia,Northampton County,C+
Mississippi,Bolivar County,C
Mississippi,Simpson County,C+
Wyoming,Carbon County,C+
Arkansas,Jefferson County,C+
Kentucky,Trimble County,D+
Maine,Oxford County,C
Iowa,Webster County,B-
Georgia,Sumter County,C+
Kentucky,Owen County,C-
Kansas,Grant County,B
Tennessee,Morgan County,C-
Tennessee,Polk County,C-
West Virginia,Braxton County,C
Arkansas,Calhoun County,C-
Alabama,Chambers County,C-
Mississippi,Quitman County,C-
Oregon,Crook County,C-
Florida,Hardee County,C+
Oregon,Columbia County,C-
Idaho,Clearwater County,C-
Idaho,Cassia County,B
Oklahoma,Texas County,B+
Florida,Hamilton County,C
Arkansas,Chicot County,C
Mississippi,Pike County,C+
Georgia,Screven County,C-
West Virginia,Mason County,C-
Texas,Midland County,B+
Oklahoma,Choctaw County,C-
Virginia,Caroline County,B-
Mississippi,Coahoma County,C+
Pennsylvania,Clinton County,C+
Virginia,Lunenburg County,B-
Maryland,Somerset County,C-
Idaho,Canyon County,B-
North Carolina,Halifax County,C
Louisiana,Franklin Parish,B-
Virginia,Charles City County,C
South Dakota,Beadle County,B-
Tennessee,Pickett County,C-
Kentucky,Henry County,C-
Georgia,Crisp County,C
North Carolina,Bladen County,C+
Mississippi,Covington County,C+
Oregon,Malheur County,C
Georgia,Peach County,C+
Iowa,Lucas County,C+
Colorado,Montezuma County,C+
Mississippi,Clay County,C
Oregon,Lincoln County,C
Georgia,Polk County,C
Tennessee,Clay County,C-
South Carolina,Colleton County,C
West Virginia,Wetzel County,C
Illinois,Brown County,B-
Georgia,Brooks County,C-
Missouri,Carter County,C-
Arkansas,Bradley County,C+
Texas,La Salle County,B-
Arkansas,Lee County,C-
Virginia,Essex County,C
Iowa,Van Buren County,C
Arkansas,Monroe County,C
Kentucky,Butler County,C-
Alabama,Montgomery County,B
Washington,Yakima County,C
Kansas,Ford County,B
North Dakota,Williams County,B
Illinois,Franklin County,C+
Idaho,Owyhee County,C-
Idaho,Bingham County,B-
South Carolina,McCormick County,C+
Mississippi,Humphreys County,C-
Idaho,Boundary County,C-
Idaho,Power County,C+
West Virginia,Grant County,C
Idaho,Lincoln County,C
Kentucky,Bracken County,C-
Florida,Franklin County,B
Maryland,Prince George's County,B-
California,Imperial County,C-
Mississippi,Amite County,C
West Virginia,Wayne County,C
North Carolina,Caswell County,C+
South Carolina,Hampton County,C-
Virginia,Cumberland County,C-
Ohio,Pike County,C
Mississippi,Claiborne County,C-
Mississippi,Warren County,C+
Tennessee,Van Buren County,C-
Kentucky,Gallatin County,C
Georgia,Jefferson County,C-
Mississippi,Leake County,C
California,Madera County,C-
Montana,Hill County,B-
Virginia,Buchanan County,C
West Virginia,Taylor County,C+
Florida,Jefferson County,C+
Florida,Hendry County,C+
Kentucky,Lewis County,C-
Texas,Winkler County,B+
Illinois,Pike County,C+
New Mexico,San Miguel County,C
Illinois,Clay County,B-
Illinois,Lawrence County,C+
Texas,Val Verde County,B-
West Virginia,Lincoln County,C-
Alabama,Choctaw County,C+
Oregon,Wasco County,C+
Georgia,Baldwin County,C+
Kentucky,McCreary County,D-
Washington,Grant County,C+
Illinois,Alexander County,C-
North Carolina,Edgecombe County,C
Oregon,Curry County,C
Tennessee,Campbell County,C-
Virginia,Brunswick County,C
Alabama,Lowndes County,C-
South Carolina,Marion County,C
Kentucky,Estill County,D+
Utah,Uintah County,C+
Illinois,Pulaski County,C
Louisiana,Richland Parish,C+
Texas,Jim Wells County,C+
Virginia,Prince Edward County,B
Georgia,Crawford County,C
Washington,Adams County,C
Georgia,Bibb County,B-
Oregon,Morrow County,C+
Arkansas,Phillips County,D+
Mississippi,Noxubee County,D+
California,Monterey County,C+
Washington,Franklin County,C+
Colorado,Lake County,B-
Arkansas,St. Francis County,C-
Georgia,Greene County,C
Louisiana,East Carroll Parish,C-
Georgia,Miller County,C
Mississippi,Scott County,C-
Utah,San Juan County,C+
Georgia,Jenkins County,C
Arizona,Gila County,C
Montana,Dawson County,B-
West Virginia,Lewis County,C+
Virginia,Dickenson County,C-
Ohio,Monroe County,C-
Mississippi,Hinds County,B-
Nebraska,Thurston County,C+
Florida,Bradford County,C
Colorado,Moffat County,C-
Ohio,Harrison County,C-
Ohio,Adams County,D+
Texas,Zapata County,C
Missouri,Ripley County,C-
Georgia,Richmond County,B
West Virginia,McDowell County,C
North Carolina,Anson County,C-
Georgia,Hancock County,D
South Carolina,Orangeburg County,C+
Georgia,Stewart County,C+
Kentucky,Breathitt County,C-
Florida,Putnam County,C
Texas,Dimmit County,C+
Idaho,Minidoka County,B-
Texas,Brooks County,D+
Montana,Roosevelt County,C-
Tennessee,Jackson County,D
New Mexico,McKinley County,C-
Louisiana,Pointe Coupee Parish,B
Illinois,Saline County,C
Mississippi,Jefferson County,D+
Mississippi,Holmes County,D+
Montana,Custer County,C+
Kentucky,Carroll County,C
Georgia,Montgomery County,B-
Texas,Ector County,B
Alabama,Greene County,D+
West Virginia,Fayette County,C
Virginia,Lancaster County,B-
Louisiana,Union Parish,C
North Carolina,Warren County,C
North Dakota,Rolette County,B-
Texas,Uvalde County,B-
Tennessee,Grundy County,D
Alaska,Nome Borough,D-
Tennessee,Lake County,C-
Kentucky,Menifee County,C-
Mississippi,Tallahatchie County,C
Kentucky,Jackson County,C-
Louisiana,East Feliciana Parish,C
Florida,Madison County,C-
New Mexico,Rio Arriba County,C-
Utah,Duchesne County,C
South Carolina,Marlboro County,C-
North Carolina,Bertie County,C-
Idaho,Gooding County,C
Texas,Jim Hogg County,C
North Carolina,Robeson County,C-
North Carolina,Vance County,C-
New Mexico,Luna County,C-
Virginia,Greensville County,C-
Texas,Duval County,C-
Montana,Glacier County,C-
Alaska,North Slope Borough,D
Alaska,Bethel Borough,D-
Mississippi,Kemper County,C-
Georgia,Dougherty County,C
Mississippi,Washington County,C
Idaho,Jerome County,C-
Georgia,Clayton County,C
Florida,DeSoto County,C
Alabama,Macon County,C-
West Virginia,Preston County,C
North Carolina,Washington County,C-
Kentucky,Elliott County,C-
South Carolina,Allendale County,C-
Georgia,Terrell County,C-
Tennessee,Union County,D
Georgia,Macon County,C-
Georgia,Talbot County,C-
Alabama,Sumter County,D+
Montana,Big Horn County,C-
Texas,Zavala County,C-
Tennessee,Fayette County,C
Alabama,Dallas County,C-
West Virginia,Barbour County,C
Georgia,Twiggs County,C
West Virginia,Logan County,C-
Mississippi,Leflore County,C-
Arizona,Apache County,C
Mississippi,Adams County,C
Tennessee,Hancock County,D+
Georgia,Warren County,C-
Louisiana,Morehouse Parish,C-
Mississippi,Wilkinson County,C-
South Carolina,Lee County,D+
Mississippi,Yazoo County,C-
Georgia,Dooly County,C-
West Virginia,Summers County,C-
Mississippi,Copiah County,C
Alabama,Wilcox County,D+
South Carolina,Jasper County,C
West Virginia,Upshur County,C+
North Carolina,Hertford County,C
Louisiana,Avoyelles Parish,C-
Florida,Gadsden County,C
Alabama,Perry County,C-
Alabama,Bullock County,C-
Alaska,Northwest Arctic Borough,D-
Georgia,Randolph County,C-
South Dakota,Todd County,C-
South Carolina,Williamsburg County,C-
Louisiana,Madison Parish,C-
Georgia,Calhoun County,C-
Louisiana,St. Helena Parish,C
Alaska,Wade Hampton Borough,D-
North Carolina,Northampton County,D+
South Dakota,Shannon County,C
Mississippi,Tunica County,C-
California,Alpine County,B
Nevada,Esmeralda County,B+
Texas,Glasscock County,A-
Alaska,Petersburg Borough,A-
Texas,Mason County,B+
Montana,Carter County,B
New Mexico,De Baca County,B-
Texas,Irion County,B+
Virginia,Highland County,B+
Montana,Liberty County,A-
Alaska,Skagway Borough,A
Alaska,Haines Borough,A+
Montana,Sheridan County,B+
Idaho,Camas County,C+
Nebraska,Perkins County,A-
Texas,Sutton County,A-
Montana,Powder River County,B-
Kansas,Wallace County,B+
Texas,Hardeman County,A-
Montana,Granite County,B
Texas,Borden County,A
Kansas,Rawlins County,B
Alaska,Lake and Peninsula Borough,C+
Texas,Baylor County,A-
Texas,Hemphill County,A-
Texas,McMullen County,A
New Mexico,Catron County,B+
Oregon,Sherman County,B
Kansas,Cheyenne County,B+
Colorado,Ouray County,A-
Texas,Schleicher County,A-
Texas,Kinney County,A-
Texas,Briscoe County,A
New Mexico,Union County,B+
Texas,Collingsworth County,B
Texas,Mills County,A-
Nebraska,Logan County,B
Oregon,Gilliam County,B+
Texas,Donley County,B+
Texas,Oldham County,A
Montana,Judith Basin County,A-
Colorado,San Juan County,B-
California,Sierra County,C
Nevada,Eureka County,B
Kansas,Greeley County,B+
Texas,Concho County,B
Texas,Coke County,B+
Nebraska,Garden County,B+
Michigan,Keweenaw County,B+
Colorado,Mineral County,B+
Texas,Armstrong County,B
Texas,Jeff Davis County,A+
Nevada,Storey County,B
Kansas,Jewell County,B
Colorado,Dolores County,B-
Texas,Foard County,A-
South Dakota,Jones County,B-
Kansas,Logan County,B
Texas,Shackelford County,B+
New Mexico,Harding County,B+
South Dakota,Douglas County,A-
Nebraska,Rock County,B-
Nebraska,Harlan County,B+
Montana,Sweet Grass County,B+
Alaska,Bristol Bay Borough,C+
Texas,Sterling County,A-
Kansas,Chase County,B+
Colorado,Kiowa County,B
Kansas,Smith County,B
Kansas,Republic County,B+
Montana,Daniels County,B-
Oklahoma,Ellis County,B+
Kansas,Edwards County,A-
Montana,Phillips County,B-
Nebraska,Furnas County,B
North Dakota,Nelson County,B+
South Dakota,Miner County,A-
Kansas,Hodgeman County,B+
Texas,Cottle County,B
Kansas,Barber County,A-
Nebraska,Hitchcock County,B-
Minnesota,Kittson County,A-
North Dakota,Foster County,B
South Dakota,McPherson County,B+
North Dakota,Kidder County,A
Texas,Stonewall County,B
Texas,Menard County,B
Nebraska,Chase County,A-
Texas,King County,B
Kansas,Lincoln County,B
Montana,McCone County,C+
Virginia,Bath County,B
Utah,Rich County,B
Texas,Dickens County,B+
Kansas,Wichita County,B
Oklahoma,Roger Mills County,B+
South Dakota,Campbell County,B+
Texas,Cochran County,B+
Minnesota,Traverse County,B+
Nebraska,Frontier County,B
Kansas,Elk County,B-
Montana,Prairie County,C+
Missouri,Holt County,B+
Nebraska,Sioux County,B
North Dakota,Wells County,B+
Kentucky,Hickman County,C+
Kansas,Decatur County,B
Oregon,Wheeler County,C
Utah,Wayne County,B-
Texas,Knox County,B+
South Dakota,Faulk County,B
Texas,Kenedy County,C+
Kansas,Osborne County,B+
Nebraska,Valley County,B+
Nebraska,Garfield County,B+
South Dakota,Edmunds County,B+
Kansas,Scott County,B-
South Dakota,Sully County,A-
Minnesota,Lake of the Woods County,B
Texas,Lipscomb County,A-
Montana,Fallon County,B-
North Dakota,Cavalier County,B+
Texas,Kimble County,B-
Texas,Sherman County,B+
Idaho,Butte County,C+
Kansas,Gove County,B+
Minnesota,Red Lake County,B-
North Dakota,McIntosh County,A-
Texas,Terrell County,B-
Nebraska,Franklin County,B+
North Dakota,Griggs County,B
Nebraska,Nance County,B-
Oklahoma,Cimarron County,B+
South Dakota,Perkins County,B
Oklahoma,Harper County,B+
South Dakota,Lyman County,B+
Texas,Hall County,B
Texas,Kent County,B+
South Dakota,Deuel County,B
Washington,Garfield County,B-
Texas,Fisher County,B
New York,Hamilton County,B
Nebraska,Blaine County,B-
Iowa,Adams County,C+
North Dakota,Hettinger County,B
Alaska,Denali Borough,B+
South Dakota,Hanson County,A-
Illinois,Calhoun County,B-
Georgia,Echols County,C+
Colorado,Jackson County,B-
Nebraska,Thomas County,A-
Kansas,Trego County,B+
Oklahoma,Dewey County,B+
Nebraska,Wheeler County,B-
Oklahoma,Grant County,A-
Texas,Motley County,B-
South Dakota,Buffalo County,C-
North Dakota,Sheridan County,B-
South Dakota,Hand County,B+
Texas,Throckmorton County,B
Texas,Edwards County,A-
Wyoming,Hot Springs County,B-
Nebraska,Hooker County,B
Kansas,Stafford County,B+
Kansas,Woodson County,C+
Kansas,Kearny County,B
Kansas,Graham County,A-
South Dakota,Gregory County,B+
Nebraska,Grant County,B-
South Dakota,Marshall County,B+
North Dakota,LaMoure County,B+
Alaska,Aleutians East Borough,C
Kansas,Stanton County,B+
North Dakota,Oliver County,B
Nebraska,Deuel County,B
North Dakota,Towner County,B
Texas,Loving County,D
Missouri,Scotland County,C+
Kansas,Sheridan County,B
New Mexico,Hidalgo County,B-
North Dakota,Pierce County,B-
Nebraska,Sherman County,B-
Texas,Roberts County,B+
Kansas,Clark County,B+
Idaho,Lewis County,C
Nebraska,Gosper County,B-
North Dakota,Renville County,B-
South Dakota,Stanley County,B
Montana,Wibaux County,C-
Colorado,Phillips County,B-
Nebraska,Greeley County,B-
Washington,Wahkiakum County,C-
Colorado,Hinsdale County,B
Colorado,Washington County,C+
Idaho,Custer County,B-
North Carolina,Tyrrell County,C
Kansas,Morton County,C+
Kansas,Rush County,B-
Missouri,Knox County,B-
North Dakota,Adams County,B+
Nebraska,Morrill County,B
Nebraska,Boyd County,B
North Dakota,Sargent County,B+
Oklahoma,Harmon County,B
North Dakota,Eddy County,B
Texas,Upton County,B-
Colorado,Cheyenne County,B-
Texas,Real County,B-
North Dakota,Steele County,C+
Kansas,Lane County,B-
Nebraska,Hayes County,B
Colorado,Custer County,C
Kansas,Chautauqua County,B-
New Mexico,Guadalupe County,C+
Missouri,Putnam County,C
South Dakota,Clark County,B+
Georgia,Glascock County,C
Nebraska,Arthur County,B
Kansas,Meade County,B
Colorado,Baca County,B-
Montana,Garfield County,C+
South Dakota,Hyde County,C+
South Dakota,Aurora County,B
Colorado,Sedgwick County,B
Nebraska,Nuckolls County,B
South Dakota,Haakon County,B+
Washington,Columbia County,C+
Kansas,Haskell County,B-
Texas,Culberson County,C+
Kansas,Ness County,B
Nebraska,Webster County,B
South Dakota,Potter County,B-
South Dakota,Jackson County,B
Nebraska,Banner County,C-
North Dakota,Golden Valley County,B
Wisconsin,Florence County,B-
Montana,Wheatland County,C+
Nebraska,Pawnee County,B-
North Dakota,Grant County,C+
Alaska,Hoonah-Angoon Borough,C+
Kansas,Comanche County,B
Montana,Musselshell County,C-
North Dakota,Emmons County,C+
North Dakota,Burke County,B+
Nebraska,Loup County,B
Nebraska,Keya Paha County,C-
Pennsylvania,Cameron County,C+
Nebraska,Kimball County,C+
Texas,Crane County,B+
North Dakota,Logan County,B
South Dakota,Sanborn County,C+
Nebraska,Dundy County,B
New Mexico,Mora County,D+
Missouri,Worth County,B-
Montana,Petroleum County,C
South Dakota,Harding County,B+
Idaho,Adams County,C
Utah,Piute County,C
North Dakota,Slope County,B
Idaho,Clark County,C-
Missouri,Schuyler County,C+
North Dakota,Divide County,B
Kentucky,Carlisle County,C+
Nebraska,McPherson County,C+
Montana,Mineral County,D+
Texas,Crockett County,B
Idaho,Oneida County,C
North Dakota,Bowman County,B
Utah,Daggett County,C-
South Dakota,Mellette County,C-
North Dakota,Billings County,A-
South Dakota,Bennett County,C+
Alaska,Yakutat Borough,C-
North Dakota,Dunn County,B
Kansas,Hamilton County,B-
Montana,Meagher County,C+
South Dakota,Jerauld County,C+
Nebraska,Brown County,C
Texas,Hudspeth County,C-
Mississippi,Issaquena County,D
Missouri,Mercer County,C+
Texas,Reagan County,C+
Mississippi,Sharkey County,C+
South Dakota,Ziebach County,C+
Alaska,Dillingham Borough,D
Georgia,Taliaferro County,C-
South Dakota,Corson County,C-
Nevada,Mineral County,C-
Illinois,Pope County,C-
Colorado,Costilla County,C-
Georgia,Baker County,C
Wyoming,Niobrara County,C
Kentucky,Owsley County,D+
Kentucky,Robertson County,D
Louisiana,Tensas Parish,C-
Illinois,Hardin County,C
Georgia,Clay County,D+
North Dakota,Sioux County,C
